-23,43,+BV9EvxCGPcffz0l95kxOx8V+WE=,kQCZNBQcw2yv7KDZ7LusQgBinJA=
-22,43,+BV9EvxCGPcffz0l95kxOx8V+WE=,kQCZNBQcw2yv7KDZ7LusQgBinJA=
-21,43,+BV9EvxCGPcffz0l95kxOx8V+WE=,kQCZNBQcw2yv7KDZ7LusQgBinJA=
-20,43,+BV9EvxCGPcffz0l95kxOx8V+WE=,kQCZNBQcw2yv7KDZ7LusQgBinJA=
-19,43,+BV9EvxCGPcffz0l95kxOx8V+WE=,kQCZNBQcw2yv7KDZ7LusQgBinJA=
-18,43,+BV9EvxCGPcffz0l95kxOx8V+WE=,kQCZNBQcw2yv7KDZ7LusQgBinJA=
-23,44,+BV9EvxCGPcffz0l95kxOx8V+WE=,kQCZNBQcw2yv7KDZ7LusQgBinJA=
-25,45,+BV9EvxCGPcffz0l95kxOx8V+WE=,VWcOPUoCconDkJFG7DdQg5s7SqE=
-31,46,+BV9EvxCGPcffz0l95kxOx8V+WE=,VWcOPUoCconDkJFG7DdQg5s7SqE=
-30,46,+BV9EvxCGPcffz0l95kxOx8V+WE=,VWcOPUoCconDkJFG7DdQg5s7SqE=
-29,46,+BV9EvxCGPcffz0l95kxOx8V+WE=,VWcOPUoCconDkJFG7DdQg5s7SqE=
-28,46,+BV9EvxCGPcffz0l95kxOx8V+WE=,VWcOPUoCconDkJFG7DdQg5s7SqE=
-27,46,+BV9EvxCGPcffz0l95kxOx8V+WE=,VWcOPUoCconDkJFG7DdQg5s7SqE=
-26,46,+BV9EvxCGPcffz0l95kxOx8V+WE=,VWcOPUoCconDkJFG7DdQg5s7SqE=
-24,43,+BV9EvxCGPcffz0l95kxOx8V+WE=,kQCZNBQcw2yv7KDZ7LusQgBinJA=
-25,46,+BV9EvxCGPcffz0l95kxOx8V+WE=,VWcOPUoCconDkJFG7DdQg5s7SqE=
-24,44,+BV9EvxCGPcffz0l95kxOx8V+WE=,kQCZNBQcw2yv7KDZ7LusQgBinJA=
-24,45,+BV9EvxCGPcffz0l95kxOx8V+WE=,kQCZNBQcw2yv7KDZ7LusQgBinJA=
-31,42,+BV9EvxCGPcffz0l95kxOx8V+WE=,VWcOPUoCconDkJFG7DdQg5s7SqE=
-30,42,+BV9EvxCGPcffz0l95kxOx8V+WE=,VWcOPUoCconDkJFG7DdQg5s7SqE=
-24,46,+BV9EvxCGPcffz0l95kxOx8V+WE=,kQCZNBQcw2yv7KDZ7LusQgBinJA=
-29,42,+BV9EvxCGPcffz0l95kxOx8V+WE=,VWcOPUoCconDkJFG7DdQg5s7SqE=
-28,42,+BV9EvxCGPcffz0l95kxOx8V+WE=,VWcOPUoCconDkJFG7DdQg5s7SqE=
-27,42,+BV9EvxCGPcffz0l95kxOx8V+WE=,VWcOPUoCconDkJFG7DdQg5s7SqE=
-26,42,+BV9EvxCGPcffz0l95kxOx8V+WE=,VWcOPUoCconDkJFG7DdQg5s7SqE=
-25,42,+BV9EvxCGPcffz0l95kxOx8V+WE=,VWcOPUoCconDkJFG7DdQg5s7SqE=
-31,43,+BV9EvxCGPcffz0l95kxOx8V+WE=,VWcOPUoCconDkJFG7DdQg5s7SqE=
-30,43,+BV9EvxCGPcffz0l95kxOx8V+WE=,VWcOPUoCconDkJFG7DdQg5s7SqE=
-29,43,+BV9EvxCGPcffz0l95kxOx8V+WE=,VWcOPUoCconDkJFG7DdQg5s7SqE=
-28,43,+BV9EvxCGPcffz0l95kxOx8V+WE=,VWcOPUoCconDkJFG7DdQg5s7SqE=
-27,43,+BV9EvxCGPcffz0l95kxOx8V+WE=,VWcOPUoCconDkJFG7DdQg5s7SqE=
-26,43,+BV9EvxCGPcffz0l95kxOx8V+WE=,VWcOPUoCconDkJFG7DdQg5s7SqE=
-25,43,+BV9EvxCGPcffz0l95kxOx8V+WE=,VWcOPUoCconDkJFG7DdQg5s7SqE=
-31,44,+BV9EvxCGPcffz0l95kxOx8V+WE=,VWcOPUoCconDkJFG7DdQg5s7SqE=
-30,44,+BV9EvxCGPcffz0l95kxOx8V+WE=,VWcOPUoCconDkJFG7DdQg5s7SqE=
-29,44,+BV9EvxCGPcffz0l95kxOx8V+WE=,VWcOPUoCconDkJFG7DdQg5s7SqE=
-28,44,+BV9EvxCGPcffz0l95kxOx8V+WE=,VWcOPUoCconDkJFG7DdQg5s7SqE=
-27,44,+BV9EvxCGPcffz0l95kxOx8V+WE=,VWcOPUoCconDkJFG7DdQg5s7SqE=
-26,44,+BV9EvxCGPcffz0l95kxOx8V+WE=,VWcOPUoCconDkJFG7DdQg5s7SqE=
-25,44,+BV9EvxCGPcffz0l95kxOx8V+WE=,VWcOPUoCconDkJFG7DdQg5s7SqE=
-31,45,+BV9EvxCGPcffz0l95kxOx8V+WE=,VWcOPUoCconDkJFG7DdQg5s7SqE=
-30,45,+BV9EvxCGPcffz0l95kxOx8V+WE=,VWcOPUoCconDkJFG7DdQg5s7SqE=
-29,45,+BV9EvxCGPcffz0l95kxOx8V+WE=,VWcOPUoCconDkJFG7DdQg5s7SqE=
-24,42,+BV9EvxCGPcffz0l95kxOx8V+WE=,kQCZNBQcw2yv7KDZ7LusQgBinJA=
-28,45,+BV9EvxCGPcffz0l95kxOx8V+WE=,VWcOPUoCconDkJFG7DdQg5s7SqE=
-27,45,+BV9EvxCGPcffz0l95kxOx8V+WE=,VWcOPUoCconDkJFG7DdQg5s7SqE=
-26,45,+BV9EvxCGPcffz0l95kxOx8V+WE=,VWcOPUoCconDkJFG7DdQg5s7SqE=
-17,43,+BV9EvxCGPcffz0l95kxOx8V+WE=,kQCZNBQcw2yv7KDZ7LusQgBinJA=
-17,44,+BV9EvxCGPcffz0l95kxOx8V+WE=,kQCZNBQcw2yv7KDZ7LusQgBinJA=
-17,45,+BV9EvxCGPcffz0l95kxOx8V+WE=,kQCZNBQcw2yv7KDZ7LusQgBinJA=
-17,46,+BV9EvxCGPcffz0l95kxOx8V+WE=,kQCZNBQcw2yv7KDZ7LusQgBinJA=
-17,41,+BV9EvxCGPcffz0l95kxOx8V+WE=,kQCZNBQcw2yv7KDZ7LusQgBinJA=
-17,42,+BV9EvxCGPcffz0l95kxOx8V+WE=,kQCZNBQcw2yv7KDZ7LusQgBinJA=
-22,44,+BV9EvxCGPcffz0l95kxOx8V+WE=,kQCZNBQcw2yv7KDZ7LusQgBinJA=
-21,44,+BV9EvxCGPcffz0l95kxOx8V+WE=,kQCZNBQcw2yv7KDZ7LusQgBinJA=
-20,44,+BV9EvxCGPcffz0l95kxOx8V+WE=,kQCZNBQcw2yv7KDZ7LusQgBinJA=
-19,44,+BV9EvxCGPcffz0l95kxOx8V+WE=,kQCZNBQcw2yv7KDZ7LusQgBinJA=
-18,44,+BV9EvxCGPcffz0l95kxOx8V+WE=,kQCZNBQcw2yv7KDZ7LusQgBinJA=
-23,45,+BV9EvxCGPcffz0l95kxOx8V+WE=,kQCZNBQcw2yv7KDZ7LusQgBinJA=
-22,45,+BV9EvxCGPcffz0l95kxOx8V+WE=,kQCZNBQcw2yv7KDZ7LusQgBinJA=
-21,45,+BV9EvxCGPcffz0l95kxOx8V+WE=,kQCZNBQcw2yv7KDZ7LusQgBinJA=
-20,45,+BV9EvxCGPcffz0l95kxOx8V+WE=,kQCZNBQcw2yv7KDZ7LusQgBinJA=
-19,45,V9UMuWX2/+t9tz0TDxymv4uqc3k=,kQCZNBQcw2yv7KDZ7LusQgBinJA=
-18,45,V9UMuWX2/+t9tz0TDxymv4uqc3k=,kQCZNBQcw2yv7KDZ7LusQgBinJA=
-23,46,V9UMuWX2/+t9tz0TDxymv4uqc3k=,kQCZNBQcw2yv7KDZ7LusQgBinJA=
-18,42,V9UMuWX2/+t9tz0TDxymv4uqc3k=,kQCZNBQcw2yv7KDZ7LusQgBinJA=
-19,42,V9UMuWX2/+t9tz0TDxymv4uqc3k=,kQCZNBQcw2yv7KDZ7LusQgBinJA=
-22,46,V9UMuWX2/+t9tz0TDxymv4uqc3k=,kQCZNBQcw2yv7KDZ7LusQgBinJA=
-21,46,V9UMuWX2/+t9tz0TDxymv4uqc3k=,kQCZNBQcw2yv7KDZ7LusQgBinJA=
-20,46,V9UMuWX2/+t9tz0TDxymv4uqc3k=,kQCZNBQcw2yv7KDZ7LusQgBinJA=
-19,46,V9UMuWX2/+t9tz0TDxymv4uqc3k=,kQCZNBQcw2yv7KDZ7LusQgBinJA=
-18,46,V9UMuWX2/+t9tz0TDxymv4uqc3k=,kQCZNBQcw2yv7KDZ7LusQgBinJA=
-18,41,V9UMuWX2/+t9tz0TDxymv4uqc3k=,kQCZNBQcw2yv7KDZ7LusQgBinJA=
-23,42,V9UMuWX2/+t9tz0TDxymv4uqc3k=,kQCZNBQcw2yv7KDZ7LusQgBinJA=
-22,42,V9UMuWX2/+t9tz0TDxymv4uqc3k=,kQCZNBQcw2yv7KDZ7LusQgBinJA=
-21,42,V9UMuWX2/+t9tz0TDxymv4uqc3k=,kQCZNBQcw2yv7KDZ7LusQgBinJA=
-20,42,V9UMuWX2/+t9tz0TDxymv4uqc3k=,kQCZNBQcw2yv7KDZ7LusQgBinJA=
-25,40,V9UMuWX2/+t9tz0TDxymv4uqc3k=,VWcOPUoCconDkJFG7DdQg5s7SqE=
-25,38,V9UMuWX2/+t9tz0TDxymv4uqc3k=,vfpGZLVie2uRJZA2Hof5HXQ3+Cg=
-25,37,V9UMuWX2/+t9tz0TDxymv4uqc3k=,vfpGZLVie2uRJZA2Hof5HXQ3+Cg=
-32,46,V9UMuWX2/+t9tz0TDxymv4uqc3k=,VWcOPUoCconDkJFG7DdQg5s7SqE=
-32,42,V9UMuWX2/+t9tz0TDxymv4uqc3k=,VWcOPUoCconDkJFG7DdQg5s7SqE=
-32,43,V9UMuWX2/+t9tz0TDxymv4uqc3k=,VWcOPUoCconDkJFG7DdQg5s7SqE=
-32,44,V9UMuWX2/+t9tz0TDxymv4uqc3k=,VWcOPUoCconDkJFG7DdQg5s7SqE=
-32,45,V9UMuWX2/+t9tz0TDxymv4uqc3k=,VWcOPUoCconDkJFG7DdQg5s7SqE=
-25,39,V9UMuWX2/+t9tz0TDxymv4uqc3k=,vfpGZLVie2uRJZA2Hof5HXQ3+Cg=
-26,36,V9UMuWX2/+t9tz0TDxymv4uqc3k=,vfpGZLVie2uRJZA2Hof5HXQ3+Cg=
-25,36,V9UMuWX2/+t9tz0TDxymv4uqc3k=,vfpGZLVie2uRJZA2Hof5HXQ3+Cg=
-20,36,V9UMuWX2/+t9tz0TDxymv4uqc3k=,ts9f7vdkwqgtdk2pVDg+KPz14GU=
-19,36,V9UMuWX2/+t9tz0TDxymv4uqc3k=,ts9f7vdkwqgtdk2pVDg+KPz14GU=
-27,36,V9UMuWX2/+t9tz0TDxymv4uqc3k=,vfpGZLVie2uRJZA2Hof5HXQ3+Cg=
-18,36,V9UMuWX2/+t9tz0TDxymv4uqc3k=,ts9f7vdkwqgtdk2pVDg+KPz14GU=
-17,36,V9UMuWX2/+t9tz0TDxymv4uqc3k=,ts9f7vdkwqgtdk2pVDg+KPz14GU=
-26,37,V9UMuWX2/+t9tz0TDxymv4uqc3k=,vfpGZLVie2uRJZA2Hof5HXQ3+Cg=
-24,37,JVx39KmXHlshWy6uz/NlRLjUsXs=,ts9f7vdkwqgtdk2pVDg+KPz14GU=
-23,37,JVx39KmXHlshWy6uz/NlRLjUsXs=,ts9f7vdkwqgtdk2pVDg+KPz14GU=
-28,36,JVx39KmXHlshWy6uz/NlRLjUsXs=,vfpGZLVie2uRJZA2Hof5HXQ3+Cg=
-22,37,JVx39KmXHlshWy6uz/NlRLjUsXs=,ts9f7vdkwqgtdk2pVDg+KPz14GU=
-26,38,JVx39KmXHlshWy6uz/NlRLjUsXs=,vfpGZLVie2uRJZA2Hof5HXQ3+Cg=
-21,37,JVx39KmXHlshWy6uz/NlRLjUsXs=,ts9f7vdkwqgtdk2pVDg+KPz14GU=
-26,32,JVx39KmXHlshWy6uz/NlRLjUsXs=,vfpGZLVie2uRJZA2Hof5HXQ3+Cg=
-27,37,JVx39KmXHlshWy6uz/NlRLjUsXs=,vfpGZLVie2uRJZA2Hof5HXQ3+Cg=
-20,37,JVx39KmXHlshWy6uz/NlRLjUsXs=,ts9f7vdkwqgtdk2pVDg+KPz14GU=
-19,37,JVx39KmXHlshWy6uz/NlRLjUsXs=,ts9f7vdkwqgtdk2pVDg+KPz14GU=
-25,35,JVx39KmXHlshWy6uz/NlRLjUsXs=,vfpGZLVie2uRJZA2Hof5HXQ3+Cg=
-20,32,JVx39KmXHlshWy6uz/NlRLjUsXs=,ts9f7vdkwqgtdk2pVDg+KPz14GU=
-28,37,JVx39KmXHlshWy6uz/NlRLjUsXs=,vfpGZLVie2uRJZA2Hof5HXQ3+Cg=
-24,41,JVx39KmXHlshWy6uz/NlRLjUsXs=,kQCZNBQcw2yv7KDZ7LusQgBinJA=
-23,32,JVx39KmXHlshWy6uz/NlRLjUsXs=,ts9f7vdkwqgtdk2pVDg+KPz14GU=
-32,40,JVx39KmXHlshWy6uz/NlRLjUsXs=,VWcOPUoCconDkJFG7DdQg5s7SqE=
-21,36,JVx39KmXHlshWy6uz/NlRLjUsXs=,ts9f7vdkwqgtdk2pVDg+KPz14GU=
-17,32,JVx39KmXHlshWy6uz/NlRLjUsXs=,ts9f7vdkwqgtdk2pVDg+KPz14GU=
-18,37,JVx39KmXHlshWy6uz/NlRLjUsXs=,ts9f7vdkwqgtdk2pVDg+KPz14GU=
-27,38,JVx39KmXHlshWy6uz/NlRLjUsXs=,vfpGZLVie2uRJZA2Hof5HXQ3+Cg=
-17,37,JVx39KmXHlshWy6uz/NlRLjUsXs=,ts9f7vdkwqgtdk2pVDg+KPz14GU=
-23,36,JVx39KmXHlshWy6uz/NlRLjUsXs=,ts9f7vdkwqgtdk2pVDg+KPz14GU=
-23,47,JVx39KmXHlshWy6uz/NlRLjUsXs=,kQCZNBQcw2yv7KDZ7LusQgBinJA=
-22,47,JVx39KmXHlshWy6uz/NlRLjUsXs=,kQCZNBQcw2yv7KDZ7LusQgBinJA=
-21,47,JVx39KmXHlshWy6uz/NlRLjUsXs=,kQCZNBQcw2yv7KDZ7LusQgBinJA=
-20,47,JVx39KmXHlshWy6uz/NlRLjUsXs=,kQCZNBQcw2yv7KDZ7LusQgBinJA=
-19,47,JVx39KmXHlshWy6uz/NlRLjUsXs=,kQCZNBQcw2yv7KDZ7LusQgBinJA=
-18,47,JVx39KmXHlshWy6uz/NlRLjUsXs=,kQCZNBQcw2yv7KDZ7LusQgBinJA=
-17,47,JVx39KmXHlshWy6uz/NlRLjUsXs=,kQCZNBQcw2yv7KDZ7LusQgBinJA=
-31,47,JVx39KmXHlshWy6uz/NlRLjUsXs=,VWcOPUoCconDkJFG7DdQg5s7SqE=
-30,47,JVx39KmXHlshWy6uz/NlRLjUsXs=,VWcOPUoCconDkJFG7DdQg5s7SqE=
-29,47,JVx39KmXHlshWy6uz/NlRLjUsXs=,VWcOPUoCconDkJFG7DdQg5s7SqE=
-28,47,JVx39KmXHlshWy6uz/NlRLjUsXs=,VWcOPUoCconDkJFG7DdQg5s7SqE=
-27,47,JVx39KmXHlshWy6uz/NlRLjUsXs=,VWcOPUoCconDkJFG7DdQg5s7SqE=
-26,47,JVx39KmXHlshWy6uz/NlRLjUsXs=,VWcOPUoCconDkJFG7DdQg5s7SqE=
-25,47,JVx39KmXHlshWy6uz/NlRLjUsXs=,VWcOPUoCconDkJFG7DdQg5s7SqE=
-24,47,JVx39KmXHlshWy6uz/NlRLjUsXs=,kQCZNBQcw2yv7KDZ7LusQgBinJA=
-32,47,JVx39KmXHlshWy6uz/NlRLjUsXs=,VWcOPUoCconDkJFG7DdQg5s7SqE=
-24,32,JVx39KmXHlshWy6uz/NlRLjUsXs=,ts9f7vdkwqgtdk2pVDg+KPz14GU=
-22,32,JVx39KmXHlshWy6uz/NlRLjUsXs=,ts9f7vdkwqgtdk2pVDg+KPz14GU=
-17,35,JVx39KmXHlshWy6uz/NlRLjUsXs=,ts9f7vdkwqgtdk2pVDg+KPz14GU=
-32,41,JVx39KmXHlshWy6uz/NlRLjUsXs=,VWcOPUoCconDkJFG7DdQg5s7SqE=
-22,36,JVx39KmXHlshWy6uz/NlRLjUsXs=,ts9f7vdkwqgtdk2pVDg+KPz14GU=
-23,41,JVx39KmXHlshWy6uz/NlRLjUsXs=,kQCZNBQcw2yv7KDZ7LusQgBinJA=
-24,36,JVx39KmXHlshWy6uz/NlRLjUsXs=,ts9f7vdkwqgtdk2pVDg+KPz14GU=
-20,33,JVx39KmXHlshWy6uz/NlRLjUsXs=,ts9f7vdkwqgtdk2pVDg+KPz14GU=
-32,32,JVx39KmXHlshWy6uz/NlRLjUsXs=,vfpGZLVie2uRJZA2Hof5HXQ3+Cg=
-22,41,JVx39KmXHlshWy6uz/NlRLjUsXs=,kQCZNBQcw2yv7KDZ7LusQgBinJA=
-21,32,JVx39KmXHlshWy6uz/NlRLjUsXs=,ts9f7vdkwqgtdk2pVDg+KPz14GU=
-28,38,JVx39KmXHlshWy6uz/NlRLjUsXs=,vfpGZLVie2uRJZA2Hof5HXQ3+Cg=
-27,32,JVx39KmXHlshWy6uz/NlRLjUsXs=,vfpGZLVie2uRJZA2Hof5HXQ3+Cg=
-19,32,JVx39KmXHlshWy6uz/NlRLjUsXs=,ts9f7vdkwqgtdk2pVDg+KPz14GU=
-26,40,JVx39KmXHlshWy6uz/NlRLjUsXs=,VWcOPUoCconDkJFG7DdQg5s7SqE=
-18,35,JVx39KmXHlshWy6uz/NlRLjUsXs=,ts9f7vdkwqgtdk2pVDg+KPz14GU=
-20,35,JVx39KmXHlshWy6uz/NlRLjUsXs=,ts9f7vdkwqgtdk2pVDg+KPz14GU=
-32,34,JVx39KmXHlshWy6uz/NlRLjUsXs=,vfpGZLVie2uRJZA2Hof5HXQ3+Cg=
-19,35,JVx39KmXHlshWy6uz/NlRLjUsXs=,ts9f7vdkwqgtdk2pVDg+KPz14GU=
-19,33,JVx39KmXHlshWy6uz/NlRLjUsXs=,ts9f7vdkwqgtdk2pVDg+KPz14GU=
-30,32,JVx39KmXHlshWy6uz/NlRLjUsXs=,vfpGZLVie2uRJZA2Hof5HXQ3+Cg=
-21,34,JVx39KmXHlshWy6uz/NlRLjUsXs=,ts9f7vdkwqgtdk2pVDg+KPz14GU=
-27,40,JVx39KmXHlshWy6uz/NlRLjUsXs=,VWcOPUoCconDkJFG7DdQg5s7SqE=
-18,33,JVx39KmXHlshWy6uz/NlRLjUsXs=,ts9f7vdkwqgtdk2pVDg+KPz14GU=
-18,32,JVx39KmXHlshWy6uz/NlRLjUsXs=,ts9f7vdkwqgtdk2pVDg+KPz14GU=
-30,39,JVx39KmXHlshWy6uz/NlRLjUsXs=,vfpGZLVie2uRJZA2Hof5HXQ3+Cg=
-21,35,JVx39KmXHlshWy6uz/NlRLjUsXs=,ts9f7vdkwqgtdk2pVDg+KPz14GU=
-22,35,JVx39KmXHlshWy6uz/NlRLjUsXs=,ts9f7vdkwqgtdk2pVDg+KPz14GU=
-17,40,JVx39KmXHlshWy6uz/NlRLjUsXs=,kQCZNBQcw2yv7KDZ7LusQgBinJA=
-31,32,JVx39KmXHlshWy6uz/NlRLjUsXs=,vfpGZLVie2uRJZA2Hof5HXQ3+Cg=
-32,37,JVx39KmXHlshWy6uz/NlRLjUsXs=,vfpGZLVie2uRJZA2Hof5HXQ3+Cg=
-21,41,JVx39KmXHlshWy6uz/NlRLjUsXs=,kQCZNBQcw2yv7KDZ7LusQgBinJA=
-29,35,JVx39KmXHlshWy6uz/NlRLjUsXs=,vfpGZLVie2uRJZA2Hof5HXQ3+Cg=
-22,34,JVx39KmXHlshWy6uz/NlRLjUsXs=,ts9f7vdkwqgtdk2pVDg+KPz14GU=
-28,40,JVx39KmXHlshWy6uz/NlRLjUsXs=,VWcOPUoCconDkJFG7DdQg5s7SqE=
-17,33,JVx39KmXHlshWy6uz/NlRLjUsXs=,ts9f7vdkwqgtdk2pVDg+KPz14GU=
-29,32,JVx39KmXHlshWy6uz/NlRLjUsXs=,vfpGZLVie2uRJZA2Hof5HXQ3+Cg=
-28,32,JVx39KmXHlshWy6uz/NlRLjUsXs=,vfpGZLVie2uRJZA2Hof5HXQ3+Cg=
-25,32,JVx39KmXHlshWy6uz/NlRLjUsXs=,vfpGZLVie2uRJZA2Hof5HXQ3+Cg=
-20,34,JVx39KmXHlshWy6uz/NlRLjUsXs=,ts9f7vdkwqgtdk2pVDg+KPz14GU=
-26,39,JVx39KmXHlshWy6uz/NlRLjUsXs=,vfpGZLVie2uRJZA2Hof5HXQ3+Cg=
-23,35,JVx39KmXHlshWy6uz/NlRLjUsXs=,ts9f7vdkwqgtdk2pVDg+KPz14GU=
-20,41,JVx39KmXHlshWy6uz/NlRLjUsXs=,kQCZNBQcw2yv7KDZ7LusQgBinJA=
-18,40,JVx39KmXHlshWy6uz/NlRLjUsXs=,kQCZNBQcw2yv7KDZ7LusQgBinJA=
-23,34,JVx39KmXHlshWy6uz/NlRLjUsXs=,ts9f7vdkwqgtdk2pVDg+KPz14GU=
-26,33,JVx39KmXHlshWy6uz/NlRLjUsXs=,vfpGZLVie2uRJZA2Hof5HXQ3+Cg=
-28,34,JVx39KmXHlshWy6uz/NlRLjUsXs=,vfpGZLVie2uRJZA2Hof5HXQ3+Cg=
-32,39,JVx39KmXHlshWy6uz/NlRLjUsXs=,vfpGZLVie2uRJZA2Hof5HXQ3+Cg=
-32,36,JVx39KmXHlshWy6uz/NlRLjUsXs=,vfpGZLVie2uRJZA2Hof5HXQ3+Cg=
-30,35,JVx39KmXHlshWy6uz/NlRLjUsXs=,vfpGZLVie2uRJZA2Hof5HXQ3+Cg=
-27,39,RqsbS+UW2SXiSHu5fd7vuSZISMs=,vfpGZLVie2uRJZA2Hof5HXQ3+Cg=
-30,38,RqsbS+UW2SXiSHu5fd7vuSZISMs=,vfpGZLVie2uRJZA2Hof5HXQ3+Cg=
-19,40,RqsbS+UW2SXiSHu5fd7vuSZISMs=,kQCZNBQcw2yv7KDZ7LusQgBinJA=
-28,35,RqsbS+UW2SXiSHu5fd7vuSZISMs=,vfpGZLVie2uRJZA2Hof5HXQ3+Cg=
-27,35,RqsbS+UW2SXiSHu5fd7vuSZISMs=,vfpGZLVie2uRJZA2Hof5HXQ3+Cg=
-26,35,RqsbS+UW2SXiSHu5fd7vuSZISMs=,vfpGZLVie2uRJZA2Hof5HXQ3+Cg=
-32,38,RqsbS+UW2SXiSHu5fd7vuSZISMs=,vfpGZLVie2uRJZA2Hof5HXQ3+Cg=
-28,33,RqsbS+UW2SXiSHu5fd7vuSZISMs=,vfpGZLVie2uRJZA2Hof5HXQ3+Cg=
-24,34,RqsbS+UW2SXiSHu5fd7vuSZISMs=,ts9f7vdkwqgtdk2pVDg+KPz14GU=
-28,39,RqsbS+UW2SXiSHu5fd7vuSZISMs=,vfpGZLVie2uRJZA2Hof5HXQ3+Cg=
-29,33,RqsbS+UW2SXiSHu5fd7vuSZISMs=,vfpGZLVie2uRJZA2Hof5HXQ3+Cg=
-31,34,RqsbS+UW2SXiSHu5fd7vuSZISMs=,vfpGZLVie2uRJZA2Hof5HXQ3+Cg=
-30,37,RqsbS+UW2SXiSHu5fd7vuSZISMs=,vfpGZLVie2uRJZA2Hof5HXQ3+Cg=
-25,41,RqsbS+UW2SXiSHu5fd7vuSZISMs=,VWcOPUoCconDkJFG7DdQg5s7SqE=
-26,41,RqsbS+UW2SXiSHu5fd7vuSZISMs=,VWcOPUoCconDkJFG7DdQg5s7SqE=
-31,37,RqsbS+UW2SXiSHu5fd7vuSZISMs=,vfpGZLVie2uRJZA2Hof5HXQ3+Cg=
-31,39,RqsbS+UW2SXiSHu5fd7vuSZISMs=,vfpGZLVie2uRJZA2Hof5HXQ3+Cg=
-21,33,RqsbS+UW2SXiSHu5fd7vuSZISMs=,ts9f7vdkwqgtdk2pVDg+KPz14GU=
-27,41,RqsbS+UW2SXiSHu5fd7vuSZISMs=,VWcOPUoCconDkJFG7DdQg5s7SqE=
-30,33,RqsbS+UW2SXiSHu5fd7vuSZISMs=,vfpGZLVie2uRJZA2Hof5HXQ3+Cg=
-31,38,RqsbS+UW2SXiSHu5fd7vuSZISMs=,vfpGZLVie2uRJZA2Hof5HXQ3+Cg=
-29,36,RqsbS+UW2SXiSHu5fd7vuSZISMs=,vfpGZLVie2uRJZA2Hof5HXQ3+Cg=
-28,41,RqsbS+UW2SXiSHu5fd7vuSZISMs=,VWcOPUoCconDkJFG7DdQg5s7SqE=
-25,34,RqsbS+UW2SXiSHu5fd7vuSZISMs=,vfpGZLVie2uRJZA2Hof5HXQ3+Cg=
-29,40,RqsbS+UW2SXiSHu5fd7vuSZISMs=,VWcOPUoCconDkJFG7DdQg5s7SqE=
-30,36,RqsbS+UW2SXiSHu5fd7vuSZISMs=,vfpGZLVie2uRJZA2Hof5HXQ3+Cg=
-19,34,RqsbS+UW2SXiSHu5fd7vuSZISMs=,ts9f7vdkwqgtdk2pVDg+KPz14GU=
-31,33,RqsbS+UW2SXiSHu5fd7vuSZISMs=,vfpGZLVie2uRJZA2Hof5HXQ3+Cg=
-29,38,RqsbS+UW2SXiSHu5fd7vuSZISMs=,vfpGZLVie2uRJZA2Hof5HXQ3+Cg=
-22,33,RqsbS+UW2SXiSHu5fd7vuSZISMs=,ts9f7vdkwqgtdk2pVDg+KPz14GU=
-30,40,RqsbS+UW2SXiSHu5fd7vuSZISMs=,VWcOPUoCconDkJFG7DdQg5s7SqE=
-31,36,RqsbS+UW2SXiSHu5fd7vuSZISMs=,vfpGZLVie2uRJZA2Hof5HXQ3+Cg=
-18,34,RqsbS+UW2SXiSHu5fd7vuSZISMs=,ts9f7vdkwqgtdk2pVDg+KPz14GU=
-31,40,RqsbS+UW2SXiSHu5fd7vuSZISMs=,VWcOPUoCconDkJFG7DdQg5s7SqE=
-31,35,RqsbS+UW2SXiSHu5fd7vuSZISMs=,vfpGZLVie2uRJZA2Hof5HXQ3+Cg=
-30,41,RqsbS+UW2SXiSHu5fd7vuSZISMs=,VWcOPUoCconDkJFG7DdQg5s7SqE=
-29,41,RqsbS+UW2SXiSHu5fd7vuSZISMs=,VWcOPUoCconDkJFG7DdQg5s7SqE=
-31,41,RqsbS+UW2SXiSHu5fd7vuSZISMs=,VWcOPUoCconDkJFG7DdQg5s7SqE=
-29,39,RqsbS+UW2SXiSHu5fd7vuSZISMs=,vfpGZLVie2uRJZA2Hof5HXQ3+Cg=
-20,40,RqsbS+UW2SXiSHu5fd7vuSZISMs=,kQCZNBQcw2yv7KDZ7LusQgBinJA=
-23,33,RqsbS+UW2SXiSHu5fd7vuSZISMs=,ts9f7vdkwqgtdk2pVDg+KPz14GU=
-32,33,RqsbS+UW2SXiSHu5fd7vuSZISMs=,vfpGZLVie2uRJZA2Hof5HXQ3+Cg=
-29,34,RqsbS+UW2SXiSHu5fd7vuSZISMs=,vfpGZLVie2uRJZA2Hof5HXQ3+Cg=
-29,37,RqsbS+UW2SXiSHu5fd7vuSZISMs=,vfpGZLVie2uRJZA2Hof5HXQ3+Cg=
-24,35,RqsbS+UW2SXiSHu5fd7vuSZISMs=,ts9f7vdkwqgtdk2pVDg+KPz14GU=
-17,34,RqsbS+UW2SXiSHu5fd7vuSZISMs=,ts9f7vdkwqgtdk2pVDg+KPz14GU=
-32,35,RqsbS+UW2SXiSHu5fd7vuSZISMs=,vfpGZLVie2uRJZA2Hof5HXQ3+Cg=
-19,41,RqsbS+UW2SXiSHu5fd7vuSZISMs=,kQCZNBQcw2yv7KDZ7LusQgBinJA=
-27,33,RqsbS+UW2SXiSHu5fd7vuSZISMs=,vfpGZLVie2uRJZA2Hof5HXQ3+Cg=
-25,33,RqsbS+UW2SXiSHu5fd7vuSZISMs=,vfpGZLVie2uRJZA2Hof5HXQ3+Cg=
-26,34,RqsbS+UW2SXiSHu5fd7vuSZISMs=,vfpGZLVie2uRJZA2Hof5HXQ3+Cg=
-24,33,RqsbS+UW2SXiSHu5fd7vuSZISMs=,ts9f7vdkwqgtdk2pVDg+KPz14GU=
-27,34,RqsbS+UW2SXiSHu5fd7vuSZISMs=,vfpGZLVie2uRJZA2Hof5HXQ3+Cg=
-20,39,RqsbS+UW2SXiSHu5fd7vuSZISMs=,ts9f7vdkwqgtdk2pVDg+KPz14GU=
-19,39,RqsbS+UW2SXiSHu5fd7vuSZISMs=,ts9f7vdkwqgtdk2pVDg+KPz14GU=
-18,39,RqsbS+UW2SXiSHu5fd7vuSZISMs=,ts9f7vdkwqgtdk2pVDg+KPz14GU=
-17,39,RqsbS+UW2SXiSHu5fd7vuSZISMs=,ts9f7vdkwqgtdk2pVDg+KPz14GU=
-24,40,RqsbS+UW2SXiSHu5fd7vuSZISMs=,kQCZNBQcw2yv7KDZ7LusQgBinJA=
-23,40,RqsbS+UW2SXiSHu5fd7vuSZISMs=,kQCZNBQcw2yv7KDZ7LusQgBinJA=
-22,40,RqsbS+UW2SXiSHu5fd7vuSZISMs=,kQCZNBQcw2yv7KDZ7LusQgBinJA=
-21,40,RqsbS+UW2SXiSHu5fd7vuSZISMs=,kQCZNBQcw2yv7KDZ7LusQgBinJA=
-30,34,RqsbS+UW2SXiSHu5fd7vuSZISMs=,vfpGZLVie2uRJZA2Hof5HXQ3+Cg=
-21,39,RqsbS+UW2SXiSHu5fd7vuSZISMs=,ts9f7vdkwqgtdk2pVDg+KPz14GU=
-22,39,RqsbS+UW2SXiSHu5fd7vuSZISMs=,ts9f7vdkwqgtdk2pVDg+KPz14GU=
-23,39,RqsbS+UW2SXiSHu5fd7vuSZISMs=,ts9f7vdkwqgtdk2pVDg+KPz14GU=
-17,38,RqsbS+UW2SXiSHu5fd7vuSZISMs=,ts9f7vdkwqgtdk2pVDg+KPz14GU=
-19,38,RqsbS+UW2SXiSHu5fd7vuSZISMs=,ts9f7vdkwqgtdk2pVDg+KPz14GU=
-24,39,RqsbS+UW2SXiSHu5fd7vuSZISMs=,ts9f7vdkwqgtdk2pVDg+KPz14GU=
-20,38,RqsbS+UW2SXiSHu5fd7vuSZISMs=,ts9f7vdkwqgtdk2pVDg+KPz14GU=
-18,38,RqsbS+UW2SXiSHu5fd7vuSZISMs=,ts9f7vdkwqgtdk2pVDg+KPz14GU=
-21,38,RqsbS+UW2SXiSHu5fd7vuSZISMs=,ts9f7vdkwqgtdk2pVDg+KPz14GU=
-22,38,RqsbS+UW2SXiSHu5fd7vuSZISMs=,ts9f7vdkwqgtdk2pVDg+KPz14GU=
-24,38,RqsbS+UW2SXiSHu5fd7vuSZISMs=,ts9f7vdkwqgtdk2pVDg+KPz14GU=
-23,38,RqsbS+UW2SXiSHu5fd7vuSZISMs=,ts9f7vdkwqgtdk2pVDg+KPz14GU=
-4,42,4g9ZKE5QCFu1zXov/B7CjoxGhOI=,5NntcS9G3a8NxqNRPUlbM4Xa+qQ=
-3,42,4g9ZKE5QCFu1zXov/B7CjoxGhOI=,5NntcS9G3a8NxqNRPUlbM4Xa+qQ=
-2,42,4g9ZKE5QCFu1zXov/B7CjoxGhOI=,5NntcS9G3a8NxqNRPUlbM4Xa+qQ=
-7,43,4g9ZKE5QCFu1zXov/B7CjoxGhOI=,5NntcS9G3a8NxqNRPUlbM4Xa+qQ=
-6,43,4g9ZKE5QCFu1zXov/B7CjoxGhOI=,5NntcS9G3a8NxqNRPUlbM4Xa+qQ=
-5,43,4g9ZKE5QCFu1zXov/B7CjoxGhOI=,5NntcS9G3a8NxqNRPUlbM4Xa+qQ=
-4,43,4g9ZKE5QCFu1zXov/B7CjoxGhOI=,5NntcS9G3a8NxqNRPUlbM4Xa+qQ=
-3,43,4g9ZKE5QCFu1zXov/B7CjoxGhOI=,5NntcS9G3a8NxqNRPUlbM4Xa+qQ=
-2,43,4g9ZKE5QCFu1zXov/B7CjoxGhOI=,5NntcS9G3a8NxqNRPUlbM4Xa+qQ=
-7,44,4g9ZKE5QCFu1zXov/B7CjoxGhOI=,5NntcS9G3a8NxqNRPUlbM4Xa+qQ=
-6,44,4g9ZKE5QCFu1zXov/B7CjoxGhOI=,5NntcS9G3a8NxqNRPUlbM4Xa+qQ=
-5,44,4g9ZKE5QCFu1zXov/B7CjoxGhOI=,5NntcS9G3a8NxqNRPUlbM4Xa+qQ=
-4,44,4g9ZKE5QCFu1zXov/B7CjoxGhOI=,5NntcS9G3a8NxqNRPUlbM4Xa+qQ=
-3,44,4g9ZKE5QCFu1zXov/B7CjoxGhOI=,5NntcS9G3a8NxqNRPUlbM4Xa+qQ=
-2,44,4g9ZKE5QCFu1zXov/B7CjoxGhOI=,5NntcS9G3a8NxqNRPUlbM4Xa+qQ=
-7,45,4g9ZKE5QCFu1zXov/B7CjoxGhOI=,5NntcS9G3a8NxqNRPUlbM4Xa+qQ=
-6,45,4g9ZKE5QCFu1zXov/B7CjoxGhOI=,5NntcS9G3a8NxqNRPUlbM4Xa+qQ=
-7,41,4g9ZKE5QCFu1zXov/B7CjoxGhOI=,5NntcS9G3a8NxqNRPUlbM4Xa+qQ=
-5,42,4g9ZKE5QCFu1zXov/B7CjoxGhOI=,5NntcS9G3a8NxqNRPUlbM4Xa+qQ=
-6,42,4g9ZKE5QCFu1zXov/B7CjoxGhOI=,5NntcS9G3a8NxqNRPUlbM4Xa+qQ=
-7,42,4g9ZKE5QCFu1zXov/B7CjoxGhOI=,5NntcS9G3a8NxqNRPUlbM4Xa+qQ=
-2,41,4g9ZKE5QCFu1zXov/B7CjoxGhOI=,5NntcS9G3a8NxqNRPUlbM4Xa+qQ=
-3,41,4g9ZKE5QCFu1zXov/B7CjoxGhOI=,5NntcS9G3a8NxqNRPUlbM4Xa+qQ=
-2,46,4g9ZKE5QCFu1zXov/B7CjoxGhOI=,5NntcS9G3a8NxqNRPUlbM4Xa+qQ=
-4,41,4g9ZKE5QCFu1zXov/B7CjoxGhOI=,5NntcS9G3a8NxqNRPUlbM4Xa+qQ=
-3,46,4g9ZKE5QCFu1zXov/B7CjoxGhOI=,5NntcS9G3a8NxqNRPUlbM4Xa+qQ=
-4,46,4g9ZKE5QCFu1zXov/B7CjoxGhOI=,5NntcS9G3a8NxqNRPUlbM4Xa+qQ=
-5,46,4g9ZKE5QCFu1zXov/B7CjoxGhOI=,5NntcS9G3a8NxqNRPUlbM4Xa+qQ=
-6,46,4g9ZKE5QCFu1zXov/B7CjoxGhOI=,5NntcS9G3a8NxqNRPUlbM4Xa+qQ=
-7,46,4g9ZKE5QCFu1zXov/B7CjoxGhOI=,5NntcS9G3a8NxqNRPUlbM4Xa+qQ=
-5,41,4g9ZKE5QCFu1zXov/B7CjoxGhOI=,5NntcS9G3a8NxqNRPUlbM4Xa+qQ=
-2,45,WhC2BWr0Q+sKes5Taj9YKBoWfms=,5NntcS9G3a8NxqNRPUlbM4Xa+qQ=
-3,45,WhC2BWr0Q+sKes5Taj9YKBoWfms=,5NntcS9G3a8NxqNRPUlbM4Xa+qQ=
-4,45,WhC2BWr0Q+sKes5Taj9YKBoWfms=,5NntcS9G3a8NxqNRPUlbM4Xa+qQ=
-5,45,WhC2BWr0Q+sKes5Taj9YKBoWfms=,5NntcS9G3a8NxqNRPUlbM4Xa+qQ=
-6,41,WhC2BWr0Q+sKes5Taj9YKBoWfms=,5NntcS9G3a8NxqNRPUlbM4Xa+qQ=
-15,42,WhC2BWr0Q+sKes5Taj9YKBoWfms=,qeNK7xtTvAkKtaAUTuLLoJqn/io=
-14,42,WhC2BWr0Q+sKes5Taj9YKBoWfms=,qeNK7xtTvAkKtaAUTuLLoJqn/io=
-13,42,WhC2BWr0Q+sKes5Taj9YKBoWfms=,qeNK7xtTvAkKtaAUTuLLoJqn/io=
-12,42,WhC2BWr0Q+sKes5Taj9YKBoWfms=,qeNK7xtTvAkKtaAUTuLLoJqn/io=
-11,42,WhC2BWr0Q+sKes5Taj9YKBoWfms=,qeNK7xtTvAkKtaAUTuLLoJqn/io=
-10,42,WhC2BWr0Q+sKes5Taj9YKBoWfms=,qeNK7xtTvAkKtaAUTuLLoJqn/io=
-9,42,WhC2BWr0Q+sKes5Taj9YKBoWfms=,qeNK7xtTvAkKtaAUTuLLoJqn/io=
-15,43,WhC2BWr0Q+sKes5Taj9YKBoWfms=,qeNK7xtTvAkKtaAUTuLLoJqn/io=
-14,43,WhC2BWr0Q+sKes5Taj9YKBoWfms=,qeNK7xtTvAkKtaAUTuLLoJqn/io=
-13,43,WhC2BWr0Q+sKes5Taj9YKBoWfms=,qeNK7xtTvAkKtaAUTuLLoJqn/io=
-12,43,WhC2BWr0Q+sKes5Taj9YKBoWfms=,qeNK7xtTvAkKtaAUTuLLoJqn/io=
-11,43,WhC2BWr0Q+sKes5Taj9YKBoWfms=,qeNK7xtTvAkKtaAUTuLLoJqn/io=
-10,43,WhC2BWr0Q+sKes5Taj9YKBoWfms=,qeNK7xtTvAkKtaAUTuLLoJqn/io=
-9,43,WhC2BWr0Q+sKes5Taj9YKBoWfms=,qeNK7xtTvAkKtaAUTuLLoJqn/io=
-8,43,WhC2BWr0Q+sKes5Taj9YKBoWfms=,5NntcS9G3a8NxqNRPUlbM4Xa+qQ=
-15,44,WhC2BWr0Q+sKes5Taj9YKBoWfms=,qeNK7xtTvAkKtaAUTuLLoJqn/io=
-14,44,WhC2BWr0Q+sKes5Taj9YKBoWfms=,qeNK7xtTvAkKtaAUTuLLoJqn/io=
-13,44,WhC2BWr0Q+sKes5Taj9YKBoWfms=,qeNK7xtTvAkKtaAUTuLLoJqn/io=
-12,44,WhC2BWr0Q+sKes5Taj9YKBoWfms=,qeNK7xtTvAkKtaAUTuLLoJqn/io=
-11,44,WhC2BWr0Q+sKes5Taj9YKBoWfms=,qeNK7xtTvAkKtaAUTuLLoJqn/io=
-10,44,WhC2BWr0Q+sKes5Taj9YKBoWfms=,qeNK7xtTvAkKtaAUTuLLoJqn/io=
-9,44,WhC2BWr0Q+sKes5Taj9YKBoWfms=,qeNK7xtTvAkKtaAUTuLLoJqn/io=
-15,45,WhC2BWr0Q+sKes5Taj9YKBoWfms=,qeNK7xtTvAkKtaAUTuLLoJqn/io=
-14,45,WhC2BWr0Q+sKes5Taj9YKBoWfms=,qeNK7xtTvAkKtaAUTuLLoJqn/io=
-13,45,WhC2BWr0Q+sKes5Taj9YKBoWfms=,qeNK7xtTvAkKtaAUTuLLoJqn/io=
-8,44,WhC2BWr0Q+sKes5Taj9YKBoWfms=,5NntcS9G3a8NxqNRPUlbM4Xa+qQ=
-12,45,WhC2BWr0Q+sKes5Taj9YKBoWfms=,qeNK7xtTvAkKtaAUTuLLoJqn/io=
-11,45,WhC2BWr0Q+sKes5Taj9YKBoWfms=,qeNK7xtTvAkKtaAUTuLLoJqn/io=
-10,45,WhC2BWr0Q+sKes5Taj9YKBoWfms=,qeNK7xtTvAkKtaAUTuLLoJqn/io=
-9,45,WhC2BWr0Q+sKes5Taj9YKBoWfms=,qeNK7xtTvAkKtaAUTuLLoJqn/io=
-15,46,WhC2BWr0Q+sKes5Taj9YKBoWfms=,qeNK7xtTvAkKtaAUTuLLoJqn/io=
-14,46,WhC2BWr0Q+sKes5Taj9YKBoWfms=,qeNK7xtTvAkKtaAUTuLLoJqn/io=
-13,46,WhC2BWr0Q+sKes5Taj9YKBoWfms=,qeNK7xtTvAkKtaAUTuLLoJqn/io=
-12,46,WhC2BWr0Q+sKes5Taj9YKBoWfms=,qeNK7xtTvAkKtaAUTuLLoJqn/io=
-11,46,WhC2BWr0Q+sKes5Taj9YKBoWfms=,qeNK7xtTvAkKtaAUTuLLoJqn/io=
-10,46,WhC2BWr0Q+sKes5Taj9YKBoWfms=,qeNK7xtTvAkKtaAUTuLLoJqn/io=
-9,46,WhC2BWr0Q+sKes5Taj9YKBoWfms=,qeNK7xtTvAkKtaAUTuLLoJqn/io=
-8,45,WhC2BWr0Q+sKes5Taj9YKBoWfms=,5NntcS9G3a8NxqNRPUlbM4Xa+qQ=
-8,41,WhC2BWr0Q+sKes5Taj9YKBoWfms=,5NntcS9G3a8NxqNRPUlbM4Xa+qQ=
-8,46,WhC2BWr0Q+sKes5Taj9YKBoWfms=,5NntcS9G3a8NxqNRPUlbM4Xa+qQ=
-8,42,WhC2BWr0Q+sKes5Taj9YKBoWfms=,5NntcS9G3a8NxqNRPUlbM4Xa+qQ=
-15,41,WhC2BWr0Q+sKes5Taj9YKBoWfms=,qeNK7xtTvAkKtaAUTuLLoJqn/io=
-14,41,WhC2BWr0Q+sKes5Taj9YKBoWfms=,qeNK7xtTvAkKtaAUTuLLoJqn/io=
-13,41,WhC2BWr0Q+sKes5Taj9YKBoWfms=,qeNK7xtTvAkKtaAUTuLLoJqn/io=
-12,41,WhC2BWr0Q+sKes5Taj9YKBoWfms=,qeNK7xtTvAkKtaAUTuLLoJqn/io=
-11,41,WhC2BWr0Q+sKes5Taj9YKBoWfms=,qeNK7xtTvAkKtaAUTuLLoJqn/io=
-10,41,WhC2BWr0Q+sKes5Taj9YKBoWfms=,qeNK7xtTvAkKtaAUTuLLoJqn/io=
-9,41,WhC2BWr0Q+sKes5Taj9YKBoWfms=,qeNK7xtTvAkKtaAUTuLLoJqn/io=
-2,39,WhC2BWr0Q+sKes5Taj9YKBoWfms=,sv/lFjbD1pKOVOkwctlbxaY8H1s=
-5,40,WhC2BWr0Q+sKes5Taj9YKBoWfms=,5NntcS9G3a8NxqNRPUlbM4Xa+qQ=
-4,40,WhC2BWr0Q+sKes5Taj9YKBoWfms=,5NntcS9G3a8NxqNRPUlbM4Xa+qQ=
-3,40,WhC2BWr0Q+sKes5Taj9YKBoWfms=,5NntcS9G3a8NxqNRPUlbM4Xa+qQ=
-2,40,WhC2BWr0Q+sKes5Taj9YKBoWfms=,5NntcS9G3a8NxqNRPUlbM4Xa+qQ=
-15,47,WhC2BWr0Q+sKes5Taj9YKBoWfms=,qeNK7xtTvAkKtaAUTuLLoJqn/io=
-14,47,WhC2BWr0Q+sKes5Taj9YKBoWfms=,qeNK7xtTvAkKtaAUTuLLoJqn/io=
-13,47,WhC2BWr0Q+sKes5Taj9YKBoWfms=,qeNK7xtTvAkKtaAUTuLLoJqn/io=
-12,47,WhC2BWr0Q+sKes5Taj9YKBoWfms=,qeNK7xtTvAkKtaAUTuLLoJqn/io=
-11,47,WhC2BWr0Q+sKes5Taj9YKBoWfms=,qeNK7xtTvAkKtaAUTuLLoJqn/io=
-10,47,WhC2BWr0Q+sKes5Taj9YKBoWfms=,qeNK7xtTvAkKtaAUTuLLoJqn/io=
-9,47,WhC2BWr0Q+sKes5Taj9YKBoWfms=,qeNK7xtTvAkKtaAUTuLLoJqn/io=
-8,47,WhC2BWr0Q+sKes5Taj9YKBoWfms=,5NntcS9G3a8NxqNRPUlbM4Xa+qQ=
-7,47,WhC2BWr0Q+sKes5Taj9YKBoWfms=,5NntcS9G3a8NxqNRPUlbM4Xa+qQ=
-6,47,WhC2BWr0Q+sKes5Taj9YKBoWfms=,5NntcS9G3a8NxqNRPUlbM4Xa+qQ=
-5,47,WhC2BWr0Q+sKes5Taj9YKBoWfms=,5NntcS9G3a8NxqNRPUlbM4Xa+qQ=
-4,47,WhC2BWr0Q+sKes5Taj9YKBoWfms=,5NntcS9G3a8NxqNRPUlbM4Xa+qQ=
-3,47,WhC2BWr0Q+sKes5Taj9YKBoWfms=,5NntcS9G3a8NxqNRPUlbM4Xa+qQ=
-2,47,WhC2BWr0Q+sKes5Taj9YKBoWfms=,5NntcS9G3a8NxqNRPUlbM4Xa+qQ=
-16,42,WhC2BWr0Q+sKes5Taj9YKBoWfms=,qeNK7xtTvAkKtaAUTuLLoJqn/io=
-16,43,WhC2BWr0Q+sKes5Taj9YKBoWfms=,qeNK7xtTvAkKtaAUTuLLoJqn/io=
-9,32,WhC2BWr0Q+sKes5Taj9YKBoWfms=,zZ6QQhcZON0cTT+sGO9CUi7yj3Y=
-9,33,WhC2BWr0Q+sKes5Taj9YKBoWfms=,zZ6QQhcZON0cTT+sGO9CUi7yj3Y=
-16,44,WhC2BWr0Q+sKes5Taj9YKBoWfms=,qeNK7xtTvAkKtaAUTuLLoJqn/io=
-16,45,WhC2BWr0Q+sKes5Taj9YKBoWfms=,qeNK7xtTvAkKtaAUTuLLoJqn/io=
-16,46,WhC2BWr0Q+sKes5Taj9YKBoWfms=,qeNK7xtTvAkKtaAUTuLLoJqn/io=
-16,47,WhC2BWr0Q+sKes5Taj9YKBoWfms=,qeNK7xtTvAkKtaAUTuLLoJqn/io=
-16,41,WhC2BWr0Q+sKes5Taj9YKBoWfms=,qeNK7xtTvAkKtaAUTuLLoJqn/io=
-9,34,WhC2BWr0Q+sKes5Taj9YKBoWfms=,zZ6QQhcZON0cTT+sGO9CUi7yj3Y=
-16,36,WhC2BWr0Q+sKes5Taj9YKBoWfms=,zZ6QQhcZON0cTT+sGO9CUi7yj3Y=
-10,33,WhC2BWr0Q+sKes5Taj9YKBoWfms=,zZ6QQhcZON0cTT+sGO9CUi7yj3Y=
-15,36,WhC2BWr0Q+sKes5Taj9YKBoWfms=,zZ6QQhcZON0cTT+sGO9CUi7yj3Y=
-10,32,WhC2BWr0Q+sKes5Taj9YKBoWfms=,zZ6QQhcZON0cTT+sGO9CUi7yj3Y=
-16,37,WhC2BWr0Q+sKes5Taj9YKBoWfms=,zZ6QQhcZON0cTT+sGO9CUi7yj3Y=
-11,32,WhC2BWr0Q+sKes5Taj9YKBoWfms=,zZ6QQhcZON0cTT+sGO9CUi7yj3Y=
-16,40,WhC2BWr0Q+sKes5Taj9YKBoWfms=,qeNK7xtTvAkKtaAUTuLLoJqn/io=
-10,34,WhC2BWr0Q+sKes5Taj9YKBoWfms=,zZ6QQhcZON0cTT+sGO9CUi7yj3Y=
-16,38,WhC2BWr0Q+sKes5Taj9YKBoWfms=,zZ6QQhcZON0cTT+sGO9CUi7yj3Y=
-1,39,WhC2BWr0Q+sKes5Taj9YKBoWfms=,sv/lFjbD1pKOVOkwctlbxaY8H1s=
-1,42,WhC2BWr0Q+sKes5Taj9YKBoWfms=,5NntcS9G3a8NxqNRPUlbM4Xa+qQ=
-1,43,WhC2BWr0Q+sKes5Taj9YKBoWfms=,5NntcS9G3a8NxqNRPUlbM4Xa+qQ=
-1,44,WhC2BWr0Q+sKes5Taj9YKBoWfms=,5NntcS9G3a8NxqNRPUlbM4Xa+qQ=
-1,40,WhC2BWr0Q+sKes5Taj9YKBoWfms=,5NntcS9G3a8NxqNRPUlbM4Xa+qQ=
-1,45,WhC2BWr0Q+sKes5Taj9YKBoWfms=,5NntcS9G3a8NxqNRPUlbM4Xa+qQ=
-1,46,WhC2BWr0Q+sKes5Taj9YKBoWfms=,5NntcS9G3a8NxqNRPUlbM4Xa+qQ=
-1,47,WhC2BWr0Q+sKes5Taj9YKBoWfms=,5NntcS9G3a8NxqNRPUlbM4Xa+qQ=
-1,41,WhC2BWr0Q+sKes5Taj9YKBoWfms=,5NntcS9G3a8NxqNRPUlbM4Xa+qQ=
-16,39,WhC2BWr0Q+sKes5Taj9YKBoWfms=,zZ6QQhcZON0cTT+sGO9CUi7yj3Y=
-8,33,WhC2BWr0Q+sKes5Taj9YKBoWfms=,sv/lFjbD1pKOVOkwctlbxaY8H1s=
-3,39,WhC2BWr0Q+sKes5Taj9YKBoWfms=,sv/lFjbD1pKOVOkwctlbxaY8H1s=
-4,39,WhC2BWr0Q+sKes5Taj9YKBoWfms=,sv/lFjbD1pKOVOkwctlbxaY8H1s=
-9,35,wg+cnXRbYpaNjfAeIpNrEfCW1+E=,zZ6QQhcZON0cTT+sGO9CUi7yj3Y=
-2,32,wg+cnXRbYpaNjfAeIpNrEfCW1+E=,sv/lFjbD1pKOVOkwctlbxaY8H1s=
-16,32,wg+cnXRbYpaNjfAeIpNrEfCW1+E=,zZ6QQhcZON0cTT+sGO9CUi7yj3Y=
-16,34,wg+cnXRbYpaNjfAeIpNrEfCW1+E=,zZ6QQhcZON0cTT+sGO9CUi7yj3Y=
-1,38,wg+cnXRbYpaNjfAeIpNrEfCW1+E=,sv/lFjbD1pKOVOkwctlbxaY8H1s=
-16,35,wg+cnXRbYpaNjfAeIpNrEfCW1+E=,zZ6QQhcZON0cTT+sGO9CUi7yj3Y=
-16,33,wg+cnXRbYpaNjfAeIpNrEfCW1+E=,zZ6QQhcZON0cTT+sGO9CUi7yj3Y=
-14,32,wg+cnXRbYpaNjfAeIpNrEfCW1+E=,zZ6QQhcZON0cTT+sGO9CUi7yj3Y=
-5,39,wg+cnXRbYpaNjfAeIpNrEfCW1+E=,sv/lFjbD1pKOVOkwctlbxaY8H1s=
-10,35,wg+cnXRbYpaNjfAeIpNrEfCW1+E=,zZ6QQhcZON0cTT+sGO9CUi7yj3Y=
-3,32,wg+cnXRbYpaNjfAeIpNrEfCW1+E=,sv/lFjbD1pKOVOkwctlbxaY8H1s=
-9,40,wg+cnXRbYpaNjfAeIpNrEfCW1+E=,qeNK7xtTvAkKtaAUTuLLoJqn/io=
-1,32,wg+cnXRbYpaNjfAeIpNrEfCW1+E=,sv/lFjbD1pKOVOkwctlbxaY8H1s=
-4,33,wg+cnXRbYpaNjfAeIpNrEfCW1+E=,sv/lFjbD1pKOVOkwctlbxaY8H1s=
-6,39,wg+cnXRbYpaNjfAeIpNrEfCW1+E=,sv/lFjbD1pKOVOkwctlbxaY8H1s=
-8,39,wg+cnXRbYpaNjfAeIpNrEfCW1+E=,sv/lFjbD1pKOVOkwctlbxaY8H1s=
-10,40,wg+cnXRbYpaNjfAeIpNrEfCW1+E=,qeNK7xtTvAkKtaAUTuLLoJqn/io=
-2,36,wg+cnXRbYpaNjfAeIpNrEfCW1+E=,sv/lFjbD1pKOVOkwctlbxaY8H1s=
-2,33,wg+cnXRbYpaNjfAeIpNrEfCW1+E=,sv/lFjbD1pKOVOkwctlbxaY8H1s=
-8,32,wg+cnXRbYpaNjfAeIpNrEfCW1+E=,sv/lFjbD1pKOVOkwctlbxaY8H1s=
-4,32,wg+cnXRbYpaNjfAeIpNrEfCW1+E=,sv/lFjbD1pKOVOkwctlbxaY8H1s=
-11,40,wg+cnXRbYpaNjfAeIpNrEfCW1+E=,qeNK7xtTvAkKtaAUTuLLoJqn/io=
-11,34,wg+cnXRbYpaNjfAeIpNrEfCW1+E=,zZ6QQhcZON0cTT+sGO9CUi7yj3Y=
-12,40,wg+cnXRbYpaNjfAeIpNrEfCW1+E=,qeNK7xtTvAkKtaAUTuLLoJqn/io=
-1,33,wg+cnXRbYpaNjfAeIpNrEfCW1+E=,sv/lFjbD1pKOVOkwctlbxaY8H1s=
-4,36,wg+cnXRbYpaNjfAeIpNrEfCW1+E=,sv/lFjbD1pKOVOkwctlbxaY8H1s=
-11,33,wg+cnXRbYpaNjfAeIpNrEfCW1+E=,zZ6QQhcZON0cTT+sGO9CUi7yj3Y=
-13,40,wg+cnXRbYpaNjfAeIpNrEfCW1+E=,qeNK7xtTvAkKtaAUTuLLoJqn/io=
-2,38,wg+cnXRbYpaNjfAeIpNrEfCW1+E=,sv/lFjbD1pKOVOkwctlbxaY8H1s=
-7,39,wg+cnXRbYpaNjfAeIpNrEfCW1+E=,sv/lFjbD1pKOVOkwctlbxaY8H1s=
-14,40,wg+cnXRbYpaNjfAeIpNrEfCW1+E=,qeNK7xtTvAkKtaAUTuLLoJqn/io=
-1,36,wg+cnXRbYpaNjfAeIpNrEfCW1+E=,sv/lFjbD1pKOVOkwctlbxaY8H1s=
-1,35,wg+cnXRbYpaNjfAeIpNrEfCW1+E=,sv/lFjbD1pKOVOkwctlbxaY8H1s=
-4,37,wg+cnXRbYpaNjfAeIpNrEfCW1+E=,sv/lFjbD1pKOVOkwctlbxaY8H1s=
-4,34,wg+cnXRbYpaNjfAeIpNrEfCW1+E=,sv/lFjbD1pKOVOkwctlbxaY8H1s=
-3,33,wg+cnXRbYpaNjfAeIpNrEfCW1+E=,sv/lFjbD1pKOVOkwctlbxaY8H1s=
-5,32,wg+cnXRbYpaNjfAeIpNrEfCW1+E=,sv/lFjbD1pKOVOkwctlbxaY8H1s=
-2,35,wg+cnXRbYpaNjfAeIpNrEfCW1+E=,sv/lFjbD1pKOVOkwctlbxaY8H1s=
-3,38,wg+cnXRbYpaNjfAeIpNrEfCW1+E=,sv/lFjbD1pKOVOkwctlbxaY8H1s=
-4,38,wg+cnXRbYpaNjfAeIpNrEfCW1+E=,sv/lFjbD1pKOVOkwctlbxaY8H1s=
-1,37,wg+cnXRbYpaNjfAeIpNrEfCW1+E=,sv/lFjbD1pKOVOkwctlbxaY8H1s=
-3,36,wg+cnXRbYpaNjfAeIpNrEfCW1+E=,sv/lFjbD1pKOVOkwctlbxaY8H1s=
-15,40,wg+cnXRbYpaNjfAeIpNrEfCW1+E=,qeNK7xtTvAkKtaAUTuLLoJqn/io=
-9,39,wg+cnXRbYpaNjfAeIpNrEfCW1+E=,zZ6QQhcZON0cTT+sGO9CUi7yj3Y=
-6,32,wg+cnXRbYpaNjfAeIpNrEfCW1+E=,sv/lFjbD1pKOVOkwctlbxaY8H1s=
-2,37,wg+cnXRbYpaNjfAeIpNrEfCW1+E=,sv/lFjbD1pKOVOkwctlbxaY8H1s=
-3,37,wg+cnXRbYpaNjfAeIpNrEfCW1+E=,sv/lFjbD1pKOVOkwctlbxaY8H1s=
-10,39,wg+cnXRbYpaNjfAeIpNrEfCW1+E=,zZ6QQhcZON0cTT+sGO9CUi7yj3Y=
-12,33,wg+cnXRbYpaNjfAeIpNrEfCW1+E=,zZ6QQhcZON0cTT+sGO9CUi7yj3Y=
-3,35,wg+cnXRbYpaNjfAeIpNrEfCW1+E=,sv/lFjbD1pKOVOkwctlbxaY8H1s=
-12,34,wg+cnXRbYpaNjfAeIpNrEfCW1+E=,zZ6QQhcZON0cTT+sGO9CUi7yj3Y=
-11,39,wg+cnXRbYpaNjfAeIpNrEfCW1+E=,zZ6QQhcZON0cTT+sGO9CUi7yj3Y=
-12,39,wg+cnXRbYpaNjfAeIpNrEfCW1+E=,zZ6QQhcZON0cTT+sGO9CUi7yj3Y=
-13,33,wg+cnXRbYpaNjfAeIpNrEfCW1+E=,zZ6QQhcZON0cTT+sGO9CUi7yj3Y=
-11,35,wg+cnXRbYpaNjfAeIpNrEfCW1+E=,zZ6QQhcZON0cTT+sGO9CUi7yj3Y=
-7,32,wg+cnXRbYpaNjfAeIpNrEfCW1+E=,sv/lFjbD1pKOVOkwctlbxaY8H1s=
-3,34,wg+cnXRbYpaNjfAeIpNrEfCW1+E=,sv/lFjbD1pKOVOkwctlbxaY8H1s=
-13,39,wg+cnXRbYpaNjfAeIpNrEfCW1+E=,zZ6QQhcZON0cTT+sGO9CUi7yj3Y=
-12,35,wg+cnXRbYpaNjfAeIpNrEfCW1+E=,zZ6QQhcZON0cTT+sGO9CUi7yj3Y=
-2,34,wg+cnXRbYpaNjfAeIpNrEfCW1+E=,sv/lFjbD1pKOVOkwctlbxaY8H1s=
-14,39,wg+cnXRbYpaNjfAeIpNrEfCW1+E=,zZ6QQhcZON0cTT+sGO9CUi7yj3Y=
-15,39,wg+cnXRbYpaNjfAeIpNrEfCW1+E=,zZ6QQhcZON0cTT+sGO9CUi7yj3Y=
-5,38,wg+cnXRbYpaNjfAeIpNrEfCW1+E=,sv/lFjbD1pKOVOkwctlbxaY8H1s=
-1,34,wg+cnXRbYpaNjfAeIpNrEfCW1+E=,sv/lFjbD1pKOVOkwctlbxaY8H1s=
-13,35,wg+cnXRbYpaNjfAeIpNrEfCW1+E=,zZ6QQhcZON0cTT+sGO9CUi7yj3Y=
-4,35,wg+cnXRbYpaNjfAeIpNrEfCW1+E=,sv/lFjbD1pKOVOkwctlbxaY8H1s=
-9,38,wg+cnXRbYpaNjfAeIpNrEfCW1+E=,zZ6QQhcZON0cTT+sGO9CUi7yj3Y=
-10,38,wg+cnXRbYpaNjfAeIpNrEfCW1+E=,zZ6QQhcZON0cTT+sGO9CUi7yj3Y=
-8,38,wg+cnXRbYpaNjfAeIpNrEfCW1+E=,sv/lFjbD1pKOVOkwctlbxaY8H1s=
-11,38,wg+cnXRbYpaNjfAeIpNrEfCW1+E=,zZ6QQhcZON0cTT+sGO9CUi7yj3Y=
-14,35,wg+cnXRbYpaNjfAeIpNrEfCW1+E=,zZ6QQhcZON0cTT+sGO9CUi7yj3Y=
-12,38,wg+cnXRbYpaNjfAeIpNrEfCW1+E=,zZ6QQhcZON0cTT+sGO9CUi7yj3Y=
-6,38,wg+cnXRbYpaNjfAeIpNrEfCW1+E=,sv/lFjbD1pKOVOkwctlbxaY8H1s=
-13,38,wg+cnXRbYpaNjfAeIpNrEfCW1+E=,zZ6QQhcZON0cTT+sGO9CUi7yj3Y=
-13,32,wg+cnXRbYpaNjfAeIpNrEfCW1+E=,zZ6QQhcZON0cTT+sGO9CUi7yj3Y=
-14,38,wg+cnXRbYpaNjfAeIpNrEfCW1+E=,zZ6QQhcZON0cTT+sGO9CUi7yj3Y=
-15,38,wg+cnXRbYpaNjfAeIpNrEfCW1+E=,zZ6QQhcZON0cTT+sGO9CUi7yj3Y=
-8,40,wg+cnXRbYpaNjfAeIpNrEfCW1+E=,5NntcS9G3a8NxqNRPUlbM4Xa+qQ=
-9,37,wg+cnXRbYpaNjfAeIpNrEfCW1+E=,zZ6QQhcZON0cTT+sGO9CUi7yj3Y=
-8,37,wg+cnXRbYpaNjfAeIpNrEfCW1+E=,sv/lFjbD1pKOVOkwctlbxaY8H1s=
-10,37,wg+cnXRbYpaNjfAeIpNrEfCW1+E=,zZ6QQhcZON0cTT+sGO9CUi7yj3Y=
-11,37,wg+cnXRbYpaNjfAeIpNrEfCW1+E=,zZ6QQhcZON0cTT+sGO9CUi7yj3Y=
-13,34,wg+cnXRbYpaNjfAeIpNrEfCW1+E=,zZ6QQhcZON0cTT+sGO9CUi7yj3Y=
-15,35,wg+cnXRbYpaNjfAeIpNrEfCW1+E=,zZ6QQhcZON0cTT+sGO9CUi7yj3Y=
-12,37,wg+cnXRbYpaNjfAeIpNrEfCW1+E=,zZ6QQhcZON0cTT+sGO9CUi7yj3Y=
-7,38,wg+cnXRbYpaNjfAeIpNrEfCW1+E=,sv/lFjbD1pKOVOkwctlbxaY8H1s=
-14,33,wg+cnXRbYpaNjfAeIpNrEfCW1+E=,zZ6QQhcZON0cTT+sGO9CUi7yj3Y=
-14,34,wg+cnXRbYpaNjfAeIpNrEfCW1+E=,zZ6QQhcZON0cTT+sGO9CUi7yj3Y=
-13,37,wg+cnXRbYpaNjfAeIpNrEfCW1+E=,zZ6QQhcZON0cTT+sGO9CUi7yj3Y=
-14,37,wg+cnXRbYpaNjfAeIpNrEfCW1+E=,zZ6QQhcZON0cTT+sGO9CUi7yj3Y=
-15,34,wg+cnXRbYpaNjfAeIpNrEfCW1+E=,zZ6QQhcZON0cTT+sGO9CUi7yj3Y=
-9,36,wg+cnXRbYpaNjfAeIpNrEfCW1+E=,zZ6QQhcZON0cTT+sGO9CUi7yj3Y=
-8,36,wg+cnXRbYpaNjfAeIpNrEfCW1+E=,sv/lFjbD1pKOVOkwctlbxaY8H1s=
-15,37,wg+cnXRbYpaNjfAeIpNrEfCW1+E=,zZ6QQhcZON0cTT+sGO9CUi7yj3Y=
-15,33,wg+cnXRbYpaNjfAeIpNrEfCW1+E=,zZ6QQhcZON0cTT+sGO9CUi7yj3Y=
-10,36,wg+cnXRbYpaNjfAeIpNrEfCW1+E=,zZ6QQhcZON0cTT+sGO9CUi7yj3Y=
-11,36,wg+cnXRbYpaNjfAeIpNrEfCW1+E=,zZ6QQhcZON0cTT+sGO9CUi7yj3Y=
-8,35,wg+cnXRbYpaNjfAeIpNrEfCW1+E=,sv/lFjbD1pKOVOkwctlbxaY8H1s=
-12,36,wg+cnXRbYpaNjfAeIpNrEfCW1+E=,zZ6QQhcZON0cTT+sGO9CUi7yj3Y=
-15,32,wg+cnXRbYpaNjfAeIpNrEfCW1+E=,zZ6QQhcZON0cTT+sGO9CUi7yj3Y=
-5,37,wg+cnXRbYpaNjfAeIpNrEfCW1+E=,sv/lFjbD1pKOVOkwctlbxaY8H1s=
-12,32,wg+cnXRbYpaNjfAeIpNrEfCW1+E=,zZ6QQhcZON0cTT+sGO9CUi7yj3Y=
-13,36,wg+cnXRbYpaNjfAeIpNrEfCW1+E=,zZ6QQhcZON0cTT+sGO9CUi7yj3Y=
-14,36,wg+cnXRbYpaNjfAeIpNrEfCW1+E=,zZ6QQhcZON0cTT+sGO9CUi7yj3Y=
-8,34,wg+cnXRbYpaNjfAeIpNrEfCW1+E=,sv/lFjbD1pKOVOkwctlbxaY8H1s=
-7,33,wg+cnXRbYpaNjfAeIpNrEfCW1+E=,sv/lFjbD1pKOVOkwctlbxaY8H1s=
-6,37,wg+cnXRbYpaNjfAeIpNrEfCW1+E=,sv/lFjbD1pKOVOkwctlbxaY8H1s=
-6,34,wg+cnXRbYpaNjfAeIpNrEfCW1+E=,sv/lFjbD1pKOVOkwctlbxaY8H1s=
-6,33,wg+cnXRbYpaNjfAeIpNrEfCW1+E=,sv/lFjbD1pKOVOkwctlbxaY8H1s=
-5,34,wg+cnXRbYpaNjfAeIpNrEfCW1+E=,sv/lFjbD1pKOVOkwctlbxaY8H1s=
-5,33,wg+cnXRbYpaNjfAeIpNrEfCW1+E=,sv/lFjbD1pKOVOkwctlbxaY8H1s=
-7,34,wg+cnXRbYpaNjfAeIpNrEfCW1+E=,sv/lFjbD1pKOVOkwctlbxaY8H1s=
-7,35,wg+cnXRbYpaNjfAeIpNrEfCW1+E=,sv/lFjbD1pKOVOkwctlbxaY8H1s=
-7,40,wg+cnXRbYpaNjfAeIpNrEfCW1+E=,5NntcS9G3a8NxqNRPUlbM4Xa+qQ=
-6,40,wg+cnXRbYpaNjfAeIpNrEfCW1+E=,5NntcS9G3a8NxqNRPUlbM4Xa+qQ=
-7,37,wg+cnXRbYpaNjfAeIpNrEfCW1+E=,sv/lFjbD1pKOVOkwctlbxaY8H1s=
-5,35,wg+cnXRbYpaNjfAeIpNrEfCW1+E=,sv/lFjbD1pKOVOkwctlbxaY8H1s=
-6,35,wg+cnXRbYpaNjfAeIpNrEfCW1+E=,sv/lFjbD1pKOVOkwctlbxaY8H1s=
-6,36,wg+cnXRbYpaNjfAeIpNrEfCW1+E=,sv/lFjbD1pKOVOkwctlbxaY8H1s=
-7,36,wg+cnXRbYpaNjfAeIpNrEfCW1+E=,sv/lFjbD1pKOVOkwctlbxaY8H1s=
-5,36,wg+cnXRbYpaNjfAeIpNrEfCW1+E=,sv/lFjbD1pKOVOkwctlbxaY8H1s=
