13,2,hdNhO+bXNbbqe1FF/IBE4uyU2YM=,IliE44hSoXdnTTMp1KTI7olEPa8=
14,2,hdNhO+bXNbbqe1FF/IBE4uyU2YM=,IliE44hSoXdnTTMp1KTI7olEPa8=
12,1,hdNhO+bXNbbqe1FF/IBE4uyU2YM=,IliE44hSoXdnTTMp1KTI7olEPa8=
13,1,hdNhO+bXNbbqe1FF/IBE4uyU2YM=,IliE44hSoXdnTTMp1KTI7olEPa8=
14,1,hdNhO+bXNbbqe1FF/IBE4uyU2YM=,IliE44hSoXdnTTMp1KTI7olEPa8=
14,6,hdNhO+bXNbbqe1FF/IBE4uyU2YM=,IliE44hSoXdnTTMp1KTI7olEPa8=
13,4,hdNhO+bXNbbqe1FF/IBE4uyU2YM=,IliE44hSoXdnTTMp1KTI7olEPa8=
14,4,hdNhO+bXNbbqe1FF/IBE4uyU2YM=,IliE44hSoXdnTTMp1KTI7olEPa8=
13,3,hdNhO+bXNbbqe1FF/IBE4uyU2YM=,IliE44hSoXdnTTMp1KTI7olEPa8=
14,3,hdNhO+bXNbbqe1FF/IBE4uyU2YM=,IliE44hSoXdnTTMp1KTI7olEPa8=
14,5,hdNhO+bXNbbqe1FF/IBE4uyU2YM=,IliE44hSoXdnTTMp1KTI7olEPa8=
15,2,hdNhO+bXNbbqe1FF/IBE4uyU2YM=,IliE44hSoXdnTTMp1KTI7olEPa8=
15,1,hdNhO+bXNbbqe1FF/IBE4uyU2YM=,IliE44hSoXdnTTMp1KTI7olEPa8=
15,6,hdNhO+bXNbbqe1FF/IBE4uyU2YM=,IliE44hSoXdnTTMp1KTI7olEPa8=
15,4,hdNhO+bXNbbqe1FF/IBE4uyU2YM=,IliE44hSoXdnTTMp1KTI7olEPa8=
15,5,hdNhO+bXNbbqe1FF/IBE4uyU2YM=,IliE44hSoXdnTTMp1KTI7olEPa8=
15,3,hdNhO+bXNbbqe1FF/IBE4uyU2YM=,IliE44hSoXdnTTMp1KTI7olEPa8=
14,11,hdNhO+bXNbbqe1FF/IBE4uyU2YM=,tjpE1sDYumijFAXzBhl2OCg7RYc=
14,14,hdNhO+bXNbbqe1FF/IBE4uyU2YM=,tjpE1sDYumijFAXzBhl2OCg7RYc=
14,13,hdNhO+bXNbbqe1FF/IBE4uyU2YM=,tjpE1sDYumijFAXzBhl2OCg7RYc=
14,9,hdNhO+bXNbbqe1FF/IBE4uyU2YM=,tjpE1sDYumijFAXzBhl2OCg7RYc=
14,7,hdNhO+bXNbbqe1FF/IBE4uyU2YM=,IliE44hSoXdnTTMp1KTI7olEPa8=
14,10,hdNhO+bXNbbqe1FF/IBE4uyU2YM=,tjpE1sDYumijFAXzBhl2OCg7RYc=
14,8,hdNhO+bXNbbqe1FF/IBE4uyU2YM=,tjpE1sDYumijFAXzBhl2OCg7RYc=
14,12,hdNhO+bXNbbqe1FF/IBE4uyU2YM=,tjpE1sDYumijFAXzBhl2OCg7RYc=
5,4,tcVpYyU9AQXFsjhiaLVeQ78/9A4=,ybRswO2xSt0b7fLNxdIYOB63SoE=
7,8,tcVpYyU9AQXFsjhiaLVeQ78/9A4=,jSPxNK5wi5TgNP5g7EDGqEZ+Z6g=
5,8,tcVpYyU9AQXFsjhiaLVeQ78/9A4=,jSPxNK5wi5TgNP5g7EDGqEZ+Z6g=
6,8,tcVpYyU9AQXFsjhiaLVeQ78/9A4=,jSPxNK5wi5TgNP5g7EDGqEZ+Z6g=
7,5,tcVpYyU9AQXFsjhiaLVeQ78/9A4=,ybRswO2xSt0b7fLNxdIYOB63SoE=
8,7,tcVpYyU9AQXFsjhiaLVeQ78/9A4=,IliE44hSoXdnTTMp1KTI7olEPa8=
4,8,tcVpYyU9AQXFsjhiaLVeQ78/9A4=,jSPxNK5wi5TgNP5g7EDGqEZ+Z6g=
6,5,tcVpYyU9AQXFsjhiaLVeQ78/9A4=,ybRswO2xSt0b7fLNxdIYOB63SoE=
7,6,tcVpYyU9AQXFsjhiaLVeQ78/9A4=,ybRswO2xSt0b7fLNxdIYOB63SoE=
5,5,tcVpYyU9AQXFsjhiaLVeQ78/9A4=,ybRswO2xSt0b7fLNxdIYOB63SoE=
6,6,tcVpYyU9AQXFsjhiaLVeQ78/9A4=,ybRswO2xSt0b7fLNxdIYOB63SoE=
4,5,tcVpYyU9AQXFsjhiaLVeQ78/9A4=,ybRswO2xSt0b7fLNxdIYOB63SoE=
9,4,tcVpYyU9AQXFsjhiaLVeQ78/9A4=,IliE44hSoXdnTTMp1KTI7olEPa8=
10,4,tcVpYyU9AQXFsjhiaLVeQ78/9A4=,IliE44hSoXdnTTMp1KTI7olEPa8=
9,6,tcVpYyU9AQXFsjhiaLVeQ78/9A4=,IliE44hSoXdnTTMp1KTI7olEPa8=
10,6,tcVpYyU9AQXFsjhiaLVeQ78/9A4=,IliE44hSoXdnTTMp1KTI7olEPa8=
11,4,tcVpYyU9AQXFsjhiaLVeQ78/9A4=,IliE44hSoXdnTTMp1KTI7olEPa8=
11,6,tcVpYyU9AQXFsjhiaLVeQ78/9A4=,IliE44hSoXdnTTMp1KTI7olEPa8=
9,5,tcVpYyU9AQXFsjhiaLVeQ78/9A4=,IliE44hSoXdnTTMp1KTI7olEPa8=
11,5,tcVpYyU9AQXFsjhiaLVeQ78/9A4=,IliE44hSoXdnTTMp1KTI7olEPa8=
10,9,tcVpYyU9AQXFsjhiaLVeQ78/9A4=,tjpE1sDYumijFAXzBhl2OCg7RYc=
9,9,tcVpYyU9AQXFsjhiaLVeQ78/9A4=,tjpE1sDYumijFAXzBhl2OCg7RYc=
9,8,tcVpYyU9AQXFsjhiaLVeQ78/9A4=,tjpE1sDYumijFAXzBhl2OCg7RYc=
11,9,tcVpYyU9AQXFsjhiaLVeQ78/9A4=,tjpE1sDYumijFAXzBhl2OCg7RYc=
9,7,tcVpYyU9AQXFsjhiaLVeQ78/9A4=,IliE44hSoXdnTTMp1KTI7olEPa8=
11,7,tcVpYyU9AQXFsjhiaLVeQ78/9A4=,IliE44hSoXdnTTMp1KTI7olEPa8=
10,8,tcVpYyU9AQXFsjhiaLVeQ78/9A4=,tjpE1sDYumijFAXzBhl2OCg7RYc=
9,10,tcVpYyU9AQXFsjhiaLVeQ78/9A4=,tjpE1sDYumijFAXzBhl2OCg7RYc=
11,10,tcVpYyU9AQXFsjhiaLVeQ78/9A4=,tjpE1sDYumijFAXzBhl2OCg7RYc=
10,5,tcVpYyU9AQXFsjhiaLVeQ78/9A4=,IliE44hSoXdnTTMp1KTI7olEPa8=
10,7,tcVpYyU9AQXFsjhiaLVeQ78/9A4=,IliE44hSoXdnTTMp1KTI7olEPa8=
5,6,tcVpYyU9AQXFsjhiaLVeQ78/9A4=,ybRswO2xSt0b7fLNxdIYOB63SoE=
10,10,tcVpYyU9AQXFsjhiaLVeQ78/9A4=,tjpE1sDYumijFAXzBhl2OCg7RYc=
10,11,tcVpYyU9AQXFsjhiaLVeQ78/9A4=,tjpE1sDYumijFAXzBhl2OCg7RYc=
9,11,tcVpYyU9AQXFsjhiaLVeQ78/9A4=,tjpE1sDYumijFAXzBhl2OCg7RYc=
11,11,tcVpYyU9AQXFsjhiaLVeQ78/9A4=,tjpE1sDYumijFAXzBhl2OCg7RYc=
11,8,tcVpYyU9AQXFsjhiaLVeQ78/9A4=,tjpE1sDYumijFAXzBhl2OCg7RYc=
4,4,tcVpYyU9AQXFsjhiaLVeQ78/9A4=,ybRswO2xSt0b7fLNxdIYOB63SoE=
8,5,tcVpYyU9AQXFsjhiaLVeQ78/9A4=,IliE44hSoXdnTTMp1KTI7olEPa8=
4,6,tcVpYyU9AQXFsjhiaLVeQ78/9A4=,ybRswO2xSt0b7fLNxdIYOB63SoE=
7,7,tcVpYyU9AQXFsjhiaLVeQ78/9A4=,ybRswO2xSt0b7fLNxdIYOB63SoE=
6,7,tcVpYyU9AQXFsjhiaLVeQ78/9A4=,ybRswO2xSt0b7fLNxdIYOB63SoE=
8,4,tcVpYyU9AQXFsjhiaLVeQ78/9A4=,IliE44hSoXdnTTMp1KTI7olEPa8=
5,7,tcVpYyU9AQXFsjhiaLVeQ78/9A4=,ybRswO2xSt0b7fLNxdIYOB63SoE=
8,6,tcVpYyU9AQXFsjhiaLVeQ78/9A4=,IliE44hSoXdnTTMp1KTI7olEPa8=
8,8,tcVpYyU9AQXFsjhiaLVeQ78/9A4=,tjpE1sDYumijFAXzBhl2OCg7RYc=
4,7,tcVpYyU9AQXFsjhiaLVeQ78/9A4=,ybRswO2xSt0b7fLNxdIYOB63SoE=
7,4,tcVpYyU9AQXFsjhiaLVeQ78/9A4=,ybRswO2xSt0b7fLNxdIYOB63SoE=
6,4,tcVpYyU9AQXFsjhiaLVeQ78/9A4=,ybRswO2xSt0b7fLNxdIYOB63SoE=
7,9,tcVpYyU9AQXFsjhiaLVeQ78/9A4=,jSPxNK5wi5TgNP5g7EDGqEZ+Z6g=
8,11,tcVpYyU9AQXFsjhiaLVeQ78/9A4=,tjpE1sDYumijFAXzBhl2OCg7RYc=
6,9,tcVpYyU9AQXFsjhiaLVeQ78/9A4=,jSPxNK5wi5TgNP5g7EDGqEZ+Z6g=
7,10,tcVpYyU9AQXFsjhiaLVeQ78/9A4=,jSPxNK5wi5TgNP5g7EDGqEZ+Z6g=
6,10,tcVpYyU9AQXFsjhiaLVeQ78/9A4=,jSPxNK5wi5TgNP5g7EDGqEZ+Z6g=
8,10,tcVpYyU9AQXFsjhiaLVeQ78/9A4=,tjpE1sDYumijFAXzBhl2OCg7RYc=
5,9,tcVpYyU9AQXFsjhiaLVeQ78/9A4=,jSPxNK5wi5TgNP5g7EDGqEZ+Z6g=
6,11,tcVpYyU9AQXFsjhiaLVeQ78/9A4=,jSPxNK5wi5TgNP5g7EDGqEZ+Z6g=
7,11,tcVpYyU9AQXFsjhiaLVeQ78/9A4=,jSPxNK5wi5TgNP5g7EDGqEZ+Z6g=
5,11,tcVpYyU9AQXFsjhiaLVeQ78/9A4=,jSPxNK5wi5TgNP5g7EDGqEZ+Z6g=
8,9,tcVpYyU9AQXFsjhiaLVeQ78/9A4=,tjpE1sDYumijFAXzBhl2OCg7RYc=
4,10,tcVpYyU9AQXFsjhiaLVeQ78/9A4=,jSPxNK5wi5TgNP5g7EDGqEZ+Z6g=
4,11,tcVpYyU9AQXFsjhiaLVeQ78/9A4=,jSPxNK5wi5TgNP5g7EDGqEZ+Z6g=
4,9,tcVpYyU9AQXFsjhiaLVeQ78/9A4=,jSPxNK5wi5TgNP5g7EDGqEZ+Z6g=
5,10,tcVpYyU9AQXFsjhiaLVeQ78/9A4=,jSPxNK5wi5TgNP5g7EDGqEZ+Z6g=
14,15,tcVpYyU9AQXFsjhiaLVeQ78/9A4=,tjpE1sDYumijFAXzBhl2OCg7RYc=
15,11,tcVpYyU9AQXFsjhiaLVeQ78/9A4=,tjpE1sDYumijFAXzBhl2OCg7RYc=
15,14,tcVpYyU9AQXFsjhiaLVeQ78/9A4=,tjpE1sDYumijFAXzBhl2OCg7RYc=
15,13,tcVpYyU9AQXFsjhiaLVeQ78/9A4=,tjpE1sDYumijFAXzBhl2OCg7RYc=
15,9,tcVpYyU9AQXFsjhiaLVeQ78/9A4=,tjpE1sDYumijFAXzBhl2OCg7RYc=
13,7,tcVpYyU9AQXFsjhiaLVeQ78/9A4=,IliE44hSoXdnTTMp1KTI7olEPa8=
12,7,tcVpYyU9AQXFsjhiaLVeQ78/9A4=,IliE44hSoXdnTTMp1KTI7olEPa8=
13,5,tcVpYyU9AQXFsjhiaLVeQ78/9A4=,IliE44hSoXdnTTMp1KTI7olEPa8=
12,5,tcVpYyU9AQXFsjhiaLVeQ78/9A4=,IliE44hSoXdnTTMp1KTI7olEPa8=
13,6,tcVpYyU9AQXFsjhiaLVeQ78/9A4=,IliE44hSoXdnTTMp1KTI7olEPa8=
12,6,tcVpYyU9AQXFsjhiaLVeQ78/9A4=,IliE44hSoXdnTTMp1KTI7olEPa8=
12,4,tcVpYyU9AQXFsjhiaLVeQ78/9A4=,IliE44hSoXdnTTMp1KTI7olEPa8=
15,12,tcVpYyU9AQXFsjhiaLVeQ78/9A4=,tjpE1sDYumijFAXzBhl2OCg7RYc=
15,8,tcVpYyU9AQXFsjhiaLVeQ78/9A4=,tjpE1sDYumijFAXzBhl2OCg7RYc=
15,10,tcVpYyU9AQXFsjhiaLVeQ78/9A4=,tjpE1sDYumijFAXzBhl2OCg7RYc=
15,7,tcVpYyU9AQXFsjhiaLVeQ78/9A4=,IliE44hSoXdnTTMp1KTI7olEPa8=
13,10,tcVpYyU9AQXFsjhiaLVeQ78/9A4=,tjpE1sDYumijFAXzBhl2OCg7RYc=
12,11,tcVpYyU9AQXFsjhiaLVeQ78/9A4=,tjpE1sDYumijFAXzBhl2OCg7RYc=
13,8,tcVpYyU9AQXFsjhiaLVeQ78/9A4=,tjpE1sDYumijFAXzBhl2OCg7RYc=
13,11,tcVpYyU9AQXFsjhiaLVeQ78/9A4=,tjpE1sDYumijFAXzBhl2OCg7RYc=
12,10,tcVpYyU9AQXFsjhiaLVeQ78/9A4=,tjpE1sDYumijFAXzBhl2OCg7RYc=
12,9,tcVpYyU9AQXFsjhiaLVeQ78/9A4=,tjpE1sDYumijFAXzBhl2OCg7RYc=
13,9,tcVpYyU9AQXFsjhiaLVeQ78/9A4=,tjpE1sDYumijFAXzBhl2OCg7RYc=
12,8,tcVpYyU9AQXFsjhiaLVeQ78/9A4=,tjpE1sDYumijFAXzBhl2OCg7RYc=
8,15,tcVpYyU9AQXFsjhiaLVeQ78/9A4=,tjpE1sDYumijFAXzBhl2OCg7RYc=
9,13,tcVpYyU9AQXFsjhiaLVeQ78/9A4=,tjpE1sDYumijFAXzBhl2OCg7RYc=
10,13,tcVpYyU9AQXFsjhiaLVeQ78/9A4=,tjpE1sDYumijFAXzBhl2OCg7RYc=
7,15,tcVpYyU9AQXFsjhiaLVeQ78/9A4=,jSPxNK5wi5TgNP5g7EDGqEZ+Z6g=
9,12,tcVpYyU9AQXFsjhiaLVeQ78/9A4=,tjpE1sDYumijFAXzBhl2OCg7RYc=
11,13,tcVpYyU9AQXFsjhiaLVeQ78/9A4=,tjpE1sDYumijFAXzBhl2OCg7RYc=
9,14,tcVpYyU9AQXFsjhiaLVeQ78/9A4=,tjpE1sDYumijFAXzBhl2OCg7RYc=
11,14,tcVpYyU9AQXFsjhiaLVeQ78/9A4=,tjpE1sDYumijFAXzBhl2OCg7RYc=
10,12,tcVpYyU9AQXFsjhiaLVeQ78/9A4=,tjpE1sDYumijFAXzBhl2OCg7RYc=
8,12,tcVpYyU9AQXFsjhiaLVeQ78/9A4=,tjpE1sDYumijFAXzBhl2OCg7RYc=
8,13,tcVpYyU9AQXFsjhiaLVeQ78/9A4=,tjpE1sDYumijFAXzBhl2OCg7RYc=
11,12,tcVpYyU9AQXFsjhiaLVeQ78/9A4=,tjpE1sDYumijFAXzBhl2OCg7RYc=
15,15,tcVpYyU9AQXFsjhiaLVeQ78/9A4=,tjpE1sDYumijFAXzBhl2OCg7RYc=
10,14,tcVpYyU9AQXFsjhiaLVeQ78/9A4=,tjpE1sDYumijFAXzBhl2OCg7RYc=
0,1,tcVpYyU9AQXFsjhiaLVeQ78/9A4=,ybRswO2xSt0b7fLNxdIYOB63SoE=
13,15,tcVpYyU9AQXFsjhiaLVeQ78/9A4=,tjpE1sDYumijFAXzBhl2OCg7RYc=
6,15,tcVpYyU9AQXFsjhiaLVeQ78/9A4=,jSPxNK5wi5TgNP5g7EDGqEZ+Z6g=
12,13,tcVpYyU9AQXFsjhiaLVeQ78/9A4=,tjpE1sDYumijFAXzBhl2OCg7RYc=
2,1,tcVpYyU9AQXFsjhiaLVeQ78/9A4=,ybRswO2xSt0b7fLNxdIYOB63SoE=
13,14,tcVpYyU9AQXFsjhiaLVeQ78/9A4=,tjpE1sDYumijFAXzBhl2OCg7RYc=
12,15,tcVpYyU9AQXFsjhiaLVeQ78/9A4=,tjpE1sDYumijFAXzBhl2OCg7RYc=
12,12,tcVpYyU9AQXFsjhiaLVeQ78/9A4=,tjpE1sDYumijFAXzBhl2OCg7RYc=
13,12,tcVpYyU9AQXFsjhiaLVeQ78/9A4=,tjpE1sDYumijFAXzBhl2OCg7RYc=
12,14,tcVpYyU9AQXFsjhiaLVeQ78/9A4=,tjpE1sDYumijFAXzBhl2OCg7RYc=
0,2,tcVpYyU9AQXFsjhiaLVeQ78/9A4=,ybRswO2xSt0b7fLNxdIYOB63SoE=
5,15,tcVpYyU9AQXFsjhiaLVeQ78/9A4=,jSPxNK5wi5TgNP5g7EDGqEZ+Z6g=
13,13,tcVpYyU9AQXFsjhiaLVeQ78/9A4=,tjpE1sDYumijFAXzBhl2OCg7RYc=
0,0,tcVpYyU9AQXFsjhiaLVeQ78/9A4=,ybRswO2xSt0b7fLNxdIYOB63SoE=
2,2,tcVpYyU9AQXFsjhiaLVeQ78/9A4=,ybRswO2xSt0b7fLNxdIYOB63SoE=
4,15,tcVpYyU9AQXFsjhiaLVeQ78/9A4=,jSPxNK5wi5TgNP5g7EDGqEZ+Z6g=
0,7,tcVpYyU9AQXFsjhiaLVeQ78/9A4=,ybRswO2xSt0b7fLNxdIYOB63SoE=
11,15,6pN9biTnYQZG3xjUhnItiTcKuF8=,tjpE1sDYumijFAXzBhl2OCg7RYc=
0,3,6pN9biTnYQZG3xjUhnItiTcKuF8=,ybRswO2xSt0b7fLNxdIYOB63SoE=
3,0,6pN9biTnYQZG3xjUhnItiTcKuF8=,ybRswO2xSt0b7fLNxdIYOB63SoE=
3,2,6pN9biTnYQZG3xjUhnItiTcKuF8=,ybRswO2xSt0b7fLNxdIYOB63SoE=
0,10,6pN9biTnYQZG3xjUhnItiTcKuF8=,jSPxNK5wi5TgNP5g7EDGqEZ+Z6g=
7,0,6pN9biTnYQZG3xjUhnItiTcKuF8=,ybRswO2xSt0b7fLNxdIYOB63SoE=
0,11,6pN9biTnYQZG3xjUhnItiTcKuF8=,jSPxNK5wi5TgNP5g7EDGqEZ+Z6g=
4,12,6pN9biTnYQZG3xjUhnItiTcKuF8=,jSPxNK5wi5TgNP5g7EDGqEZ+Z6g=
4,13,6pN9biTnYQZG3xjUhnItiTcKuF8=,jSPxNK5wi5TgNP5g7EDGqEZ+Z6g=
2,9,6pN9biTnYQZG3xjUhnItiTcKuF8=,jSPxNK5wi5TgNP5g7EDGqEZ+Z6g=
1,9,6pN9biTnYQZG3xjUhnItiTcKuF8=,jSPxNK5wi5TgNP5g7EDGqEZ+Z6g=
1,3,6pN9biTnYQZG3xjUhnItiTcKuF8=,ybRswO2xSt0b7fLNxdIYOB63SoE=
15,0,6pN9biTnYQZG3xjUhnItiTcKuF8=,IliE44hSoXdnTTMp1KTI7olEPa8=
5,13,6pN9biTnYQZG3xjUhnItiTcKuF8=,jSPxNK5wi5TgNP5g7EDGqEZ+Z6g=
1,0,6pN9biTnYQZG3xjUhnItiTcKuF8=,ybRswO2xSt0b7fLNxdIYOB63SoE=
3,9,6pN9biTnYQZG3xjUhnItiTcKuF8=,jSPxNK5wi5TgNP5g7EDGqEZ+Z6g=
0,8,6pN9biTnYQZG3xjUhnItiTcKuF8=,jSPxNK5wi5TgNP5g7EDGqEZ+Z6g=
1,10,6pN9biTnYQZG3xjUhnItiTcKuF8=,jSPxNK5wi5TgNP5g7EDGqEZ+Z6g=
9,0,6pN9biTnYQZG3xjUhnItiTcKuF8=,IliE44hSoXdnTTMp1KTI7olEPa8=
0,14,6pN9biTnYQZG3xjUhnItiTcKuF8=,jSPxNK5wi5TgNP5g7EDGqEZ+Z6g=
3,3,6pN9biTnYQZG3xjUhnItiTcKuF8=,ybRswO2xSt0b7fLNxdIYOB63SoE=
14,0,6pN9biTnYQZG3xjUhnItiTcKuF8=,IliE44hSoXdnTTMp1KTI7olEPa8=
13,0,6pN9biTnYQZG3xjUhnItiTcKuF8=,IliE44hSoXdnTTMp1KTI7olEPa8=
12,0,6pN9biTnYQZG3xjUhnItiTcKuF8=,IliE44hSoXdnTTMp1KTI7olEPa8=
0,15,6pN9biTnYQZG3xjUhnItiTcKuF8=,jSPxNK5wi5TgNP5g7EDGqEZ+Z6g=
12,2,6pN9biTnYQZG3xjUhnItiTcKuF8=,IliE44hSoXdnTTMp1KTI7olEPa8=
8,0,6pN9biTnYQZG3xjUhnItiTcKuF8=,IliE44hSoXdnTTMp1KTI7olEPa8=
5,0,6pN9biTnYQZG3xjUhnItiTcKuF8=,ybRswO2xSt0b7fLNxdIYOB63SoE=
0,9,6pN9biTnYQZG3xjUhnItiTcKuF8=,jSPxNK5wi5TgNP5g7EDGqEZ+Z6g=
1,2,6pN9biTnYQZG3xjUhnItiTcKuF8=,ybRswO2xSt0b7fLNxdIYOB63SoE=
0,4,6pN9biTnYQZG3xjUhnItiTcKuF8=,ybRswO2xSt0b7fLNxdIYOB63SoE=
3,1,6pN9biTnYQZG3xjUhnItiTcKuF8=,ybRswO2xSt0b7fLNxdIYOB63SoE=
2,0,6pN9biTnYQZG3xjUhnItiTcKuF8=,ybRswO2xSt0b7fLNxdIYOB63SoE=
6,0,6pN9biTnYQZG3xjUhnItiTcKuF8=,ybRswO2xSt0b7fLNxdIYOB63SoE=
9,1,6pN9biTnYQZG3xjUhnItiTcKuF8=,IliE44hSoXdnTTMp1KTI7olEPa8=
8,2,6pN9biTnYQZG3xjUhnItiTcKuF8=,IliE44hSoXdnTTMp1KTI7olEPa8=
10,0,6pN9biTnYQZG3xjUhnItiTcKuF8=,IliE44hSoXdnTTMp1KTI7olEPa8=
1,13,6pN9biTnYQZG3xjUhnItiTcKuF8=,jSPxNK5wi5TgNP5g7EDGqEZ+Z6g=
0,5,6pN9biTnYQZG3xjUhnItiTcKuF8=,ybRswO2xSt0b7fLNxdIYOB63SoE=
11,0,6pN9biTnYQZG3xjUhnItiTcKuF8=,IliE44hSoXdnTTMp1KTI7olEPa8=
2,10,6pN9biTnYQZG3xjUhnItiTcKuF8=,jSPxNK5wi5TgNP5g7EDGqEZ+Z6g=
8,3,6pN9biTnYQZG3xjUhnItiTcKuF8=,IliE44hSoXdnTTMp1KTI7olEPa8=
0,6,6pN9biTnYQZG3xjUhnItiTcKuF8=,ybRswO2xSt0b7fLNxdIYOB63SoE=
0,12,6pN9biTnYQZG3xjUhnItiTcKuF8=,jSPxNK5wi5TgNP5g7EDGqEZ+Z6g=
2,13,6pN9biTnYQZG3xjUhnItiTcKuF8=,jSPxNK5wi5TgNP5g7EDGqEZ+Z6g=
3,5,6pN9biTnYQZG3xjUhnItiTcKuF8=,ybRswO2xSt0b7fLNxdIYOB63SoE=
10,1,6pN9biTnYQZG3xjUhnItiTcKuF8=,IliE44hSoXdnTTMp1KTI7olEPa8=
4,0,6pN9biTnYQZG3xjUhnItiTcKuF8=,ybRswO2xSt0b7fLNxdIYOB63SoE=
8,1,6pN9biTnYQZG3xjUhnItiTcKuF8=,IliE44hSoXdnTTMp1KTI7olEPa8=
2,3,6pN9biTnYQZG3xjUhnItiTcKuF8=,ybRswO2xSt0b7fLNxdIYOB63SoE=
9,3,6pN9biTnYQZG3xjUhnItiTcKuF8=,IliE44hSoXdnTTMp1KTI7olEPa8=
10,3,6pN9biTnYQZG3xjUhnItiTcKuF8=,IliE44hSoXdnTTMp1KTI7olEPa8=
11,3,6pN9biTnYQZG3xjUhnItiTcKuF8=,IliE44hSoXdnTTMp1KTI7olEPa8=
11,2,6pN9biTnYQZG3xjUhnItiTcKuF8=,IliE44hSoXdnTTMp1KTI7olEPa8=
6,13,6pN9biTnYQZG3xjUhnItiTcKuF8=,jSPxNK5wi5TgNP5g7EDGqEZ+Z6g=
1,1,6pN9biTnYQZG3xjUhnItiTcKuF8=,ybRswO2xSt0b7fLNxdIYOB63SoE=
11,1,6pN9biTnYQZG3xjUhnItiTcKuF8=,IliE44hSoXdnTTMp1KTI7olEPa8=
4,1,6pN9biTnYQZG3xjUhnItiTcKuF8=,ybRswO2xSt0b7fLNxdIYOB63SoE=
9,2,6pN9biTnYQZG3xjUhnItiTcKuF8=,IliE44hSoXdnTTMp1KTI7olEPa8=
4,3,6pN9biTnYQZG3xjUhnItiTcKuF8=,ybRswO2xSt0b7fLNxdIYOB63SoE=
4,2,6pN9biTnYQZG3xjUhnItiTcKuF8=,ybRswO2xSt0b7fLNxdIYOB63SoE=
5,1,6pN9biTnYQZG3xjUhnItiTcKuF8=,ybRswO2xSt0b7fLNxdIYOB63SoE=
1,12,6pN9biTnYQZG3xjUhnItiTcKuF8=,jSPxNK5wi5TgNP5g7EDGqEZ+Z6g=
0,13,6pN9biTnYQZG3xjUhnItiTcKuF8=,jSPxNK5wi5TgNP5g7EDGqEZ+Z6g=
2,4,6pN9biTnYQZG3xjUhnItiTcKuF8=,ybRswO2xSt0b7fLNxdIYOB63SoE=
10,2,6pN9biTnYQZG3xjUhnItiTcKuF8=,IliE44hSoXdnTTMp1KTI7olEPa8=
1,8,6pN9biTnYQZG3xjUhnItiTcKuF8=,jSPxNK5wi5TgNP5g7EDGqEZ+Z6g=
1,6,6pN9biTnYQZG3xjUhnItiTcKuF8=,ybRswO2xSt0b7fLNxdIYOB63SoE=
8,14,6pN9biTnYQZG3xjUhnItiTcKuF8=,tjpE1sDYumijFAXzBhl2OCg7RYc=
12,3,6pN9biTnYQZG3xjUhnItiTcKuF8=,IliE44hSoXdnTTMp1KTI7olEPa8=
5,2,6pN9biTnYQZG3xjUhnItiTcKuF8=,ybRswO2xSt0b7fLNxdIYOB63SoE=
6,1,6pN9biTnYQZG3xjUhnItiTcKuF8=,ybRswO2xSt0b7fLNxdIYOB63SoE=
7,13,6pN9biTnYQZG3xjUhnItiTcKuF8=,jSPxNK5wi5TgNP5g7EDGqEZ+Z6g=
5,3,6pN9biTnYQZG3xjUhnItiTcKuF8=,ybRswO2xSt0b7fLNxdIYOB63SoE=
5,12,6pN9biTnYQZG3xjUhnItiTcKuF8=,jSPxNK5wi5TgNP5g7EDGqEZ+Z6g=
2,11,6pN9biTnYQZG3xjUhnItiTcKuF8=,jSPxNK5wi5TgNP5g7EDGqEZ+Z6g=
2,6,6pN9biTnYQZG3xjUhnItiTcKuF8=,ybRswO2xSt0b7fLNxdIYOB63SoE=
7,1,6pN9biTnYQZG3xjUhnItiTcKuF8=,ybRswO2xSt0b7fLNxdIYOB63SoE=
6,12,6pN9biTnYQZG3xjUhnItiTcKuF8=,jSPxNK5wi5TgNP5g7EDGqEZ+Z6g=
3,4,6pN9biTnYQZG3xjUhnItiTcKuF8=,ybRswO2xSt0b7fLNxdIYOB63SoE=
3,6,6pN9biTnYQZG3xjUhnItiTcKuF8=,ybRswO2xSt0b7fLNxdIYOB63SoE=
4,14,6pN9biTnYQZG3xjUhnItiTcKuF8=,jSPxNK5wi5TgNP5g7EDGqEZ+Z6g=
6,2,6pN9biTnYQZG3xjUhnItiTcKuF8=,ybRswO2xSt0b7fLNxdIYOB63SoE=
1,5,6pN9biTnYQZG3xjUhnItiTcKuF8=,ybRswO2xSt0b7fLNxdIYOB63SoE=
2,8,6pN9biTnYQZG3xjUhnItiTcKuF8=,jSPxNK5wi5TgNP5g7EDGqEZ+Z6g=
6,14,6pN9biTnYQZG3xjUhnItiTcKuF8=,jSPxNK5wi5TgNP5g7EDGqEZ+Z6g=
7,14,6pN9biTnYQZG3xjUhnItiTcKuF8=,jSPxNK5wi5TgNP5g7EDGqEZ+Z6g=
5,14,6pN9biTnYQZG3xjUhnItiTcKuF8=,jSPxNK5wi5TgNP5g7EDGqEZ+Z6g=
1,4,6pN9biTnYQZG3xjUhnItiTcKuF8=,ybRswO2xSt0b7fLNxdIYOB63SoE=
7,3,6pN9biTnYQZG3xjUhnItiTcKuF8=,ybRswO2xSt0b7fLNxdIYOB63SoE=
3,10,6pN9biTnYQZG3xjUhnItiTcKuF8=,jSPxNK5wi5TgNP5g7EDGqEZ+Z6g=
3,7,6pN9biTnYQZG3xjUhnItiTcKuF8=,ybRswO2xSt0b7fLNxdIYOB63SoE=
7,12,6pN9biTnYQZG3xjUhnItiTcKuF8=,jSPxNK5wi5TgNP5g7EDGqEZ+Z6g=
9,15,6pN9biTnYQZG3xjUhnItiTcKuF8=,tjpE1sDYumijFAXzBhl2OCg7RYc=
2,7,6pN9biTnYQZG3xjUhnItiTcKuF8=,ybRswO2xSt0b7fLNxdIYOB63SoE=
6,3,6pN9biTnYQZG3xjUhnItiTcKuF8=,ybRswO2xSt0b7fLNxdIYOB63SoE=
2,5,6pN9biTnYQZG3xjUhnItiTcKuF8=,ybRswO2xSt0b7fLNxdIYOB63SoE=
1,11,6pN9biTnYQZG3xjUhnItiTcKuF8=,jSPxNK5wi5TgNP5g7EDGqEZ+Z6g=
3,13,6pN9biTnYQZG3xjUhnItiTcKuF8=,jSPxNK5wi5TgNP5g7EDGqEZ+Z6g=
3,8,6pN9biTnYQZG3xjUhnItiTcKuF8=,jSPxNK5wi5TgNP5g7EDGqEZ+Z6g=
7,2,6pN9biTnYQZG3xjUhnItiTcKuF8=,ybRswO2xSt0b7fLNxdIYOB63SoE=
1,7,6pN9biTnYQZG3xjUhnItiTcKuF8=,ybRswO2xSt0b7fLNxdIYOB63SoE=
10,15,6pN9biTnYQZG3xjUhnItiTcKuF8=,tjpE1sDYumijFAXzBhl2OCg7RYc=
3,12,6pN9biTnYQZG3xjUhnItiTcKuF8=,jSPxNK5wi5TgNP5g7EDGqEZ+Z6g=
3,11,6pN9biTnYQZG3xjUhnItiTcKuF8=,jSPxNK5wi5TgNP5g7EDGqEZ+Z6g=
1,15,6pN9biTnYQZG3xjUhnItiTcKuF8=,jSPxNK5wi5TgNP5g7EDGqEZ+Z6g=
2,14,6pN9biTnYQZG3xjUhnItiTcKuF8=,jSPxNK5wi5TgNP5g7EDGqEZ+Z6g=
3,14,6pN9biTnYQZG3xjUhnItiTcKuF8=,jSPxNK5wi5TgNP5g7EDGqEZ+Z6g=
2,12,6pN9biTnYQZG3xjUhnItiTcKuF8=,jSPxNK5wi5TgNP5g7EDGqEZ+Z6g=
3,15,6pN9biTnYQZG3xjUhnItiTcKuF8=,jSPxNK5wi5TgNP5g7EDGqEZ+Z6g=
2,15,6pN9biTnYQZG3xjUhnItiTcKuF8=,jSPxNK5wi5TgNP5g7EDGqEZ+Z6g=
1,14,6pN9biTnYQZG3xjUhnItiTcKuF8=,jSPxNK5wi5TgNP5g7EDGqEZ+Z6g=
13,26,U9AvmNRarCvBv6MYkiKPGC0Nvsk=,Hhi2+n2/Hv2uOSanGKTOfqXcyeY=
14,26,U9AvmNRarCvBv6MYkiKPGC0Nvsk=,Hhi2+n2/Hv2uOSanGKTOfqXcyeY=
13,27,U9AvmNRarCvBv6MYkiKPGC0Nvsk=,Hhi2+n2/Hv2uOSanGKTOfqXcyeY=
14,27,U9AvmNRarCvBv6MYkiKPGC0Nvsk=,Hhi2+n2/Hv2uOSanGKTOfqXcyeY=
12,28,U9AvmNRarCvBv6MYkiKPGC0Nvsk=,Hhi2+n2/Hv2uOSanGKTOfqXcyeY=
13,28,U9AvmNRarCvBv6MYkiKPGC0Nvsk=,Hhi2+n2/Hv2uOSanGKTOfqXcyeY=
14,28,U9AvmNRarCvBv6MYkiKPGC0Nvsk=,Hhi2+n2/Hv2uOSanGKTOfqXcyeY=
11,29,U9AvmNRarCvBv6MYkiKPGC0Nvsk=,Hhi2+n2/Hv2uOSanGKTOfqXcyeY=
14,25,U9AvmNRarCvBv6MYkiKPGC0Nvsk=,Hhi2+n2/Hv2uOSanGKTOfqXcyeY=
12,29,U9AvmNRarCvBv6MYkiKPGC0Nvsk=,Hhi2+n2/Hv2uOSanGKTOfqXcyeY=
13,29,U9AvmNRarCvBv6MYkiKPGC0Nvsk=,Hhi2+n2/Hv2uOSanGKTOfqXcyeY=
14,29,U9AvmNRarCvBv6MYkiKPGC0Nvsk=,Hhi2+n2/Hv2uOSanGKTOfqXcyeY=
11,30,U9AvmNRarCvBv6MYkiKPGC0Nvsk=,Hhi2+n2/Hv2uOSanGKTOfqXcyeY=
12,30,U9AvmNRarCvBv6MYkiKPGC0Nvsk=,Hhi2+n2/Hv2uOSanGKTOfqXcyeY=
13,30,U9AvmNRarCvBv6MYkiKPGC0Nvsk=,Hhi2+n2/Hv2uOSanGKTOfqXcyeY=
14,30,U9AvmNRarCvBv6MYkiKPGC0Nvsk=,Hhi2+n2/Hv2uOSanGKTOfqXcyeY=
14,23,U9AvmNRarCvBv6MYkiKPGC0Nvsk=,+0bKWcbbhiRuspYcuZODMahD0jg=
14,24,U9AvmNRarCvBv6MYkiKPGC0Nvsk=,Hhi2+n2/Hv2uOSanGKTOfqXcyeY=
14,22,U9AvmNRarCvBv6MYkiKPGC0Nvsk=,+0bKWcbbhiRuspYcuZODMahD0jg=
14,21,U9AvmNRarCvBv6MYkiKPGC0Nvsk=,+0bKWcbbhiRuspYcuZODMahD0jg=
14,20,U9AvmNRarCvBv6MYkiKPGC0Nvsk=,+0bKWcbbhiRuspYcuZODMahD0jg=
14,19,U9AvmNRarCvBv6MYkiKPGC0Nvsk=,+0bKWcbbhiRuspYcuZODMahD0jg=
14,18,U9AvmNRarCvBv6MYkiKPGC0Nvsk=,+0bKWcbbhiRuspYcuZODMahD0jg=
14,17,U9AvmNRarCvBv6MYkiKPGC0Nvsk=,+0bKWcbbhiRuspYcuZODMahD0jg=
15,17,U9AvmNRarCvBv6MYkiKPGC0Nvsk=,+0bKWcbbhiRuspYcuZODMahD0jg=
15,18,U9AvmNRarCvBv6MYkiKPGC0Nvsk=,+0bKWcbbhiRuspYcuZODMahD0jg=
15,19,U9AvmNRarCvBv6MYkiKPGC0Nvsk=,+0bKWcbbhiRuspYcuZODMahD0jg=
15,20,U9AvmNRarCvBv6MYkiKPGC0Nvsk=,+0bKWcbbhiRuspYcuZODMahD0jg=
15,21,U9AvmNRarCvBv6MYkiKPGC0Nvsk=,+0bKWcbbhiRuspYcuZODMahD0jg=
15,22,U9AvmNRarCvBv6MYkiKPGC0Nvsk=,+0bKWcbbhiRuspYcuZODMahD0jg=
14,16,U9AvmNRarCvBv6MYkiKPGC0Nvsk=,+0bKWcbbhiRuspYcuZODMahD0jg=
4,24,A8PrTzeHxk/a5bT6bubt2zqDjPc=,FOWmFo+b/bo9DDwws8PO1GYndlU=
7,24,A8PrTzeHxk/a5bT6bubt2zqDjPc=,FOWmFo+b/bo9DDwws8PO1GYndlU=
7,20,A8PrTzeHxk/a5bT6bubt2zqDjPc=,qkualA2o3G4pyas5EQY0nSsJ47I=
6,17,A8PrTzeHxk/a5bT6bubt2zqDjPc=,qkualA2o3G4pyas5EQY0nSsJ47I=
6,20,A8PrTzeHxk/a5bT6bubt2zqDjPc=,qkualA2o3G4pyas5EQY0nSsJ47I=
8,19,A8PrTzeHxk/a5bT6bubt2zqDjPc=,+0bKWcbbhiRuspYcuZODMahD0jg=
7,19,A8PrTzeHxk/a5bT6bubt2zqDjPc=,qkualA2o3G4pyas5EQY0nSsJ47I=
7,21,A8PrTzeHxk/a5bT6bubt2zqDjPc=,qkualA2o3G4pyas5EQY0nSsJ47I=
6,19,A8PrTzeHxk/a5bT6bubt2zqDjPc=,qkualA2o3G4pyas5EQY0nSsJ47I=
6,21,A8PrTzeHxk/a5bT6bubt2zqDjPc=,qkualA2o3G4pyas5EQY0nSsJ47I=
7,25,A8PrTzeHxk/a5bT6bubt2zqDjPc=,FOWmFo+b/bo9DDwws8PO1GYndlU=
8,18,A8PrTzeHxk/a5bT6bubt2zqDjPc=,+0bKWcbbhiRuspYcuZODMahD0jg=
7,23,A8PrTzeHxk/a5bT6bubt2zqDjPc=,qkualA2o3G4pyas5EQY0nSsJ47I=
8,16,A8PrTzeHxk/a5bT6bubt2zqDjPc=,+0bKWcbbhiRuspYcuZODMahD0jg=
7,22,A8PrTzeHxk/a5bT6bubt2zqDjPc=,qkualA2o3G4pyas5EQY0nSsJ47I=
5,19,A8PrTzeHxk/a5bT6bubt2zqDjPc=,qkualA2o3G4pyas5EQY0nSsJ47I=
6,25,A8PrTzeHxk/a5bT6bubt2zqDjPc=,FOWmFo+b/bo9DDwws8PO1GYndlU=
4,19,A8PrTzeHxk/a5bT6bubt2zqDjPc=,qkualA2o3G4pyas5EQY0nSsJ47I=
8,26,A8PrTzeHxk/a5bT6bubt2zqDjPc=,Hhi2+n2/Hv2uOSanGKTOfqXcyeY=
8,17,A8PrTzeHxk/a5bT6bubt2zqDjPc=,+0bKWcbbhiRuspYcuZODMahD0jg=
11,16,A8PrTzeHxk/a5bT6bubt2zqDjPc=,+0bKWcbbhiRuspYcuZODMahD0jg=
5,21,A8PrTzeHxk/a5bT6bubt2zqDjPc=,qkualA2o3G4pyas5EQY0nSsJ47I=
10,16,A8PrTzeHxk/a5bT6bubt2zqDjPc=,+0bKWcbbhiRuspYcuZODMahD0jg=
5,25,A8PrTzeHxk/a5bT6bubt2zqDjPc=,FOWmFo+b/bo9DDwws8PO1GYndlU=
7,16,A8PrTzeHxk/a5bT6bubt2zqDjPc=,qkualA2o3G4pyas5EQY0nSsJ47I=
5,16,A8PrTzeHxk/a5bT6bubt2zqDjPc=,qkualA2o3G4pyas5EQY0nSsJ47I=
6,16,A8PrTzeHxk/a5bT6bubt2zqDjPc=,qkualA2o3G4pyas5EQY0nSsJ47I=
9,16,A8PrTzeHxk/a5bT6bubt2zqDjPc=,+0bKWcbbhiRuspYcuZODMahD0jg=
5,22,A8PrTzeHxk/a5bT6bubt2zqDjPc=,qkualA2o3G4pyas5EQY0nSsJ47I=
9,18,A8PrTzeHxk/a5bT6bubt2zqDjPc=,+0bKWcbbhiRuspYcuZODMahD0jg=
6,22,A8PrTzeHxk/a5bT6bubt2zqDjPc=,qkualA2o3G4pyas5EQY0nSsJ47I=
5,17,A8PrTzeHxk/a5bT6bubt2zqDjPc=,qkualA2o3G4pyas5EQY0nSsJ47I=
4,16,A8PrTzeHxk/a5bT6bubt2zqDjPc=,qkualA2o3G4pyas5EQY0nSsJ47I=
15,16,A8PrTzeHxk/a5bT6bubt2zqDjPc=,+0bKWcbbhiRuspYcuZODMahD0jg=
15,26,A8PrTzeHxk/a5bT6bubt2zqDjPc=,Hhi2+n2/Hv2uOSanGKTOfqXcyeY=
15,23,A8PrTzeHxk/a5bT6bubt2zqDjPc=,+0bKWcbbhiRuspYcuZODMahD0jg=
15,27,A8PrTzeHxk/a5bT6bubt2zqDjPc=,Hhi2+n2/Hv2uOSanGKTOfqXcyeY=
15,28,A8PrTzeHxk/a5bT6bubt2zqDjPc=,Hhi2+n2/Hv2uOSanGKTOfqXcyeY=
15,29,A8PrTzeHxk/a5bT6bubt2zqDjPc=,Hhi2+n2/Hv2uOSanGKTOfqXcyeY=
15,30,A8PrTzeHxk/a5bT6bubt2zqDjPc=,Hhi2+n2/Hv2uOSanGKTOfqXcyeY=
10,18,A8PrTzeHxk/a5bT6bubt2zqDjPc=,+0bKWcbbhiRuspYcuZODMahD0jg=
13,16,A8PrTzeHxk/a5bT6bubt2zqDjPc=,+0bKWcbbhiRuspYcuZODMahD0jg=
4,21,A8PrTzeHxk/a5bT6bubt2zqDjPc=,qkualA2o3G4pyas5EQY0nSsJ47I=
11,18,A8PrTzeHxk/a5bT6bubt2zqDjPc=,+0bKWcbbhiRuspYcuZODMahD0jg=
15,31,UYNx0jJQq4JjQthzfsnQTp+CqL0=,Hhi2+n2/Hv2uOSanGKTOfqXcyeY=
12,16,UYNx0jJQq4JjQthzfsnQTp+CqL0=,+0bKWcbbhiRuspYcuZODMahD0jg=
15,25,UYNx0jJQq4JjQthzfsnQTp+CqL0=,Hhi2+n2/Hv2uOSanGKTOfqXcyeY=
9,19,UYNx0jJQq4JjQthzfsnQTp+CqL0=,+0bKWcbbhiRuspYcuZODMahD0jg=
9,17,UYNx0jJQq4JjQthzfsnQTp+CqL0=,+0bKWcbbhiRuspYcuZODMahD0jg=
12,18,UYNx0jJQq4JjQthzfsnQTp+CqL0=,+0bKWcbbhiRuspYcuZODMahD0jg=
9,28,UYNx0jJQq4JjQthzfsnQTp+CqL0=,Hhi2+n2/Hv2uOSanGKTOfqXcyeY=
15,24,UYNx0jJQq4JjQthzfsnQTp+CqL0=,Hhi2+n2/Hv2uOSanGKTOfqXcyeY=
10,28,UYNx0jJQq4JjQthzfsnQTp+CqL0=,Hhi2+n2/Hv2uOSanGKTOfqXcyeY=
12,20,UYNx0jJQq4JjQthzfsnQTp+CqL0=,+0bKWcbbhiRuspYcuZODMahD0jg=
12,17,UYNx0jJQq4JjQthzfsnQTp+CqL0=,+0bKWcbbhiRuspYcuZODMahD0jg=
11,28,UYNx0jJQq4JjQthzfsnQTp+CqL0=,Hhi2+n2/Hv2uOSanGKTOfqXcyeY=
0,23,UYNx0jJQq4JjQthzfsnQTp+CqL0=,qkualA2o3G4pyas5EQY0nSsJ47I=
10,19,UYNx0jJQq4JjQthzfsnQTp+CqL0=,+0bKWcbbhiRuspYcuZODMahD0jg=
8,30,UYNx0jJQq4JjQthzfsnQTp+CqL0=,Hhi2+n2/Hv2uOSanGKTOfqXcyeY=
13,18,UYNx0jJQq4JjQthzfsnQTp+CqL0=,+0bKWcbbhiRuspYcuZODMahD0jg=
12,24,UYNx0jJQq4JjQthzfsnQTp+CqL0=,Hhi2+n2/Hv2uOSanGKTOfqXcyeY=
11,19,UYNx0jJQq4JjQthzfsnQTp+CqL0=,+0bKWcbbhiRuspYcuZODMahD0jg=
13,24,UYNx0jJQq4JjQthzfsnQTp+CqL0=,Hhi2+n2/Hv2uOSanGKTOfqXcyeY=
13,25,UYNx0jJQq4JjQthzfsnQTp+CqL0=,Hhi2+n2/Hv2uOSanGKTOfqXcyeY=
6,31,UYNx0jJQq4JjQthzfsnQTp+CqL0=,FOWmFo+b/bo9DDwws8PO1GYndlU=
3,21,UYNx0jJQq4JjQthzfsnQTp+CqL0=,qkualA2o3G4pyas5EQY0nSsJ47I=
12,19,UYNx0jJQq4JjQthzfsnQTp+CqL0=,+0bKWcbbhiRuspYcuZODMahD0jg=
11,17,UYNx0jJQq4JjQthzfsnQTp+CqL0=,+0bKWcbbhiRuspYcuZODMahD0jg=
9,29,UYNx0jJQq4JjQthzfsnQTp+CqL0=,Hhi2+n2/Hv2uOSanGKTOfqXcyeY=
12,25,UYNx0jJQq4JjQthzfsnQTp+CqL0=,Hhi2+n2/Hv2uOSanGKTOfqXcyeY=
13,20,UYNx0jJQq4JjQthzfsnQTp+CqL0=,+0bKWcbbhiRuspYcuZODMahD0jg=
12,27,UYNx0jJQq4JjQthzfsnQTp+CqL0=,Hhi2+n2/Hv2uOSanGKTOfqXcyeY=
8,29,UYNx0jJQq4JjQthzfsnQTp+CqL0=,Hhi2+n2/Hv2uOSanGKTOfqXcyeY=
13,19,UYNx0jJQq4JjQthzfsnQTp+CqL0=,+0bKWcbbhiRuspYcuZODMahD0jg=
10,17,UYNx0jJQq4JjQthzfsnQTp+CqL0=,+0bKWcbbhiRuspYcuZODMahD0jg=
12,26,UYNx0jJQq4JjQthzfsnQTp+CqL0=,Hhi2+n2/Hv2uOSanGKTOfqXcyeY=
5,31,UYNx0jJQq4JjQthzfsnQTp+CqL0=,FOWmFo+b/bo9DDwws8PO1GYndlU=
13,17,UYNx0jJQq4JjQthzfsnQTp+CqL0=,+0bKWcbbhiRuspYcuZODMahD0jg=
3,22,UYNx0jJQq4JjQthzfsnQTp+CqL0=,qkualA2o3G4pyas5EQY0nSsJ47I=
0,22,UYNx0jJQq4JjQthzfsnQTp+CqL0=,qkualA2o3G4pyas5EQY0nSsJ47I=
12,21,UYNx0jJQq4JjQthzfsnQTp+CqL0=,+0bKWcbbhiRuspYcuZODMahD0jg=
8,28,UYNx0jJQq4JjQthzfsnQTp+CqL0=,Hhi2+n2/Hv2uOSanGKTOfqXcyeY=
0,21,UYNx0jJQq4JjQthzfsnQTp+CqL0=,qkualA2o3G4pyas5EQY0nSsJ47I=
4,31,UYNx0jJQq4JjQthzfsnQTp+CqL0=,FOWmFo+b/bo9DDwws8PO1GYndlU=
0,20,UYNx0jJQq4JjQthzfsnQTp+CqL0=,qkualA2o3G4pyas5EQY0nSsJ47I=
10,30,UYNx0jJQq4JjQthzfsnQTp+CqL0=,Hhi2+n2/Hv2uOSanGKTOfqXcyeY=
1,21,UYNx0jJQq4JjQthzfsnQTp+CqL0=,qkualA2o3G4pyas5EQY0nSsJ47I=
2,22,UYNx0jJQq4JjQthzfsnQTp+CqL0=,qkualA2o3G4pyas5EQY0nSsJ47I=
1,22,UYNx0jJQq4JjQthzfsnQTp+CqL0=,qkualA2o3G4pyas5EQY0nSsJ47I=
13,21,UYNx0jJQq4JjQthzfsnQTp+CqL0=,+0bKWcbbhiRuspYcuZODMahD0jg=
9,30,UYNx0jJQq4JjQthzfsnQTp+CqL0=,Hhi2+n2/Hv2uOSanGKTOfqXcyeY=
8,25,UYNx0jJQq4JjQthzfsnQTp+CqL0=,Hhi2+n2/Hv2uOSanGKTOfqXcyeY=
7,30,UYNx0jJQq4JjQthzfsnQTp+CqL0=,FOWmFo+b/bo9DDwws8PO1GYndlU=
10,29,UYNx0jJQq4JjQthzfsnQTp+CqL0=,Hhi2+n2/Hv2uOSanGKTOfqXcyeY=
0,29,UYNx0jJQq4JjQthzfsnQTp+CqL0=,FOWmFo+b/bo9DDwws8PO1GYndlU=
4,25,UYNx0jJQq4JjQthzfsnQTp+CqL0=,FOWmFo+b/bo9DDwws8PO1GYndlU=
12,22,UYNx0jJQq4JjQthzfsnQTp+CqL0=,+0bKWcbbhiRuspYcuZODMahD0jg=
7,27,UYNx0jJQq4JjQthzfsnQTp+CqL0=,FOWmFo+b/bo9DDwws8PO1GYndlU=
0,30,UYNx0jJQq4JjQthzfsnQTp+CqL0=,FOWmFo+b/bo9DDwws8PO1GYndlU=
0,31,UYNx0jJQq4JjQthzfsnQTp+CqL0=,FOWmFo+b/bo9DDwws8PO1GYndlU=
13,22,UYNx0jJQq4JjQthzfsnQTp+CqL0=,+0bKWcbbhiRuspYcuZODMahD0jg=
6,30,UYNx0jJQq4JjQthzfsnQTp+CqL0=,FOWmFo+b/bo9DDwws8PO1GYndlU=
6,27,UYNx0jJQq4JjQthzfsnQTp+CqL0=,FOWmFo+b/bo9DDwws8PO1GYndlU=
5,27,UYNx0jJQq4JjQthzfsnQTp+CqL0=,FOWmFo+b/bo9DDwws8PO1GYndlU=
13,23,UYNx0jJQq4JjQthzfsnQTp+CqL0=,+0bKWcbbhiRuspYcuZODMahD0jg=
4,27,UYNx0jJQq4JjQthzfsnQTp+CqL0=,FOWmFo+b/bo9DDwws8PO1GYndlU=
7,26,UYNx0jJQq4JjQthzfsnQTp+CqL0=,FOWmFo+b/bo9DDwws8PO1GYndlU=
5,26,UYNx0jJQq4JjQthzfsnQTp+CqL0=,FOWmFo+b/bo9DDwws8PO1GYndlU=
6,26,UYNx0jJQq4JjQthzfsnQTp+CqL0=,FOWmFo+b/bo9DDwws8PO1GYndlU=
4,26,UYNx0jJQq4JjQthzfsnQTp+CqL0=,FOWmFo+b/bo9DDwws8PO1GYndlU=
8,27,UYNx0jJQq4JjQthzfsnQTp+CqL0=,Hhi2+n2/Hv2uOSanGKTOfqXcyeY=
12,23,UYNx0jJQq4JjQthzfsnQTp+CqL0=,+0bKWcbbhiRuspYcuZODMahD0jg=
9,20,UYNx0jJQq4JjQthzfsnQTp+CqL0=,+0bKWcbbhiRuspYcuZODMahD0jg=
10,20,UYNx0jJQq4JjQthzfsnQTp+CqL0=,+0bKWcbbhiRuspYcuZODMahD0jg=
5,30,UYNx0jJQq4JjQthzfsnQTp+CqL0=,FOWmFo+b/bo9DDwws8PO1GYndlU=
0,28,UYNx0jJQq4JjQthzfsnQTp+CqL0=,FOWmFo+b/bo9DDwws8PO1GYndlU=
9,21,UYNx0jJQq4JjQthzfsnQTp+CqL0=,+0bKWcbbhiRuspYcuZODMahD0jg=
10,21,UYNx0jJQq4JjQthzfsnQTp+CqL0=,+0bKWcbbhiRuspYcuZODMahD0jg=
11,20,UYNx0jJQq4JjQthzfsnQTp+CqL0=,+0bKWcbbhiRuspYcuZODMahD0jg=
9,22,UYNx0jJQq4JjQthzfsnQTp+CqL0=,+0bKWcbbhiRuspYcuZODMahD0jg=
10,24,UYNx0jJQq4JjQthzfsnQTp+CqL0=,Hhi2+n2/Hv2uOSanGKTOfqXcyeY=
11,24,UYNx0jJQq4JjQthzfsnQTp+CqL0=,Hhi2+n2/Hv2uOSanGKTOfqXcyeY=
10,22,UYNx0jJQq4JjQthzfsnQTp+CqL0=,+0bKWcbbhiRuspYcuZODMahD0jg=
9,24,UYNx0jJQq4JjQthzfsnQTp+CqL0=,Hhi2+n2/Hv2uOSanGKTOfqXcyeY=
0,25,UYNx0jJQq4JjQthzfsnQTp+CqL0=,FOWmFo+b/bo9DDwws8PO1GYndlU=
11,25,UYNx0jJQq4JjQthzfsnQTp+CqL0=,Hhi2+n2/Hv2uOSanGKTOfqXcyeY=
10,25,UYNx0jJQq4JjQthzfsnQTp+CqL0=,Hhi2+n2/Hv2uOSanGKTOfqXcyeY=
9,23,UYNx0jJQq4JjQthzfsnQTp+CqL0=,+0bKWcbbhiRuspYcuZODMahD0jg=
10,23,UYNx0jJQq4JjQthzfsnQTp+CqL0=,+0bKWcbbhiRuspYcuZODMahD0jg=
11,22,UYNx0jJQq4JjQthzfsnQTp+CqL0=,+0bKWcbbhiRuspYcuZODMahD0jg=
11,23,UYNx0jJQq4JjQthzfsnQTp+CqL0=,+0bKWcbbhiRuspYcuZODMahD0jg=
9,26,UYNx0jJQq4JjQthzfsnQTp+CqL0=,Hhi2+n2/Hv2uOSanGKTOfqXcyeY=
11,26,UYNx0jJQq4JjQthzfsnQTp+CqL0=,Hhi2+n2/Hv2uOSanGKTOfqXcyeY=
4,30,UYNx0jJQq4JjQthzfsnQTp+CqL0=,FOWmFo+b/bo9DDwws8PO1GYndlU=
10,26,UYNx0jJQq4JjQthzfsnQTp+CqL0=,Hhi2+n2/Hv2uOSanGKTOfqXcyeY=
11,21,UYNx0jJQq4JjQthzfsnQTp+CqL0=,+0bKWcbbhiRuspYcuZODMahD0jg=
10,27,UYNx0jJQq4JjQthzfsnQTp+CqL0=,Hhi2+n2/Hv2uOSanGKTOfqXcyeY=
11,27,UYNx0jJQq4JjQthzfsnQTp+CqL0=,Hhi2+n2/Hv2uOSanGKTOfqXcyeY=
9,25,UYNx0jJQq4JjQthzfsnQTp+CqL0=,Hhi2+n2/Hv2uOSanGKTOfqXcyeY=
0,27,UYNx0jJQq4JjQthzfsnQTp+CqL0=,FOWmFo+b/bo9DDwws8PO1GYndlU=
9,27,UYNx0jJQq4JjQthzfsnQTp+CqL0=,Hhi2+n2/Hv2uOSanGKTOfqXcyeY=
6,24,UYNx0jJQq4JjQthzfsnQTp+CqL0=,FOWmFo+b/bo9DDwws8PO1GYndlU=
8,21,UYNx0jJQq4JjQthzfsnQTp+CqL0=,+0bKWcbbhiRuspYcuZODMahD0jg=
2,21,UYNx0jJQq4JjQthzfsnQTp+CqL0=,qkualA2o3G4pyas5EQY0nSsJ47I=
2,23,UYNx0jJQq4JjQthzfsnQTp+CqL0=,qkualA2o3G4pyas5EQY0nSsJ47I=
0,24,UYNx0jJQq4JjQthzfsnQTp+CqL0=,FOWmFo+b/bo9DDwws8PO1GYndlU=
4,22,UYNx0jJQq4JjQthzfsnQTp+CqL0=,qkualA2o3G4pyas5EQY0nSsJ47I=
3,23,UYNx0jJQq4JjQthzfsnQTp+CqL0=,qkualA2o3G4pyas5EQY0nSsJ47I=
8,20,UYNx0jJQq4JjQthzfsnQTp+CqL0=,+0bKWcbbhiRuspYcuZODMahD0jg=
5,24,UYNx0jJQq4JjQthzfsnQTp+CqL0=,FOWmFo+b/bo9DDwws8PO1GYndlU=
4,18,UYNx0jJQq4JjQthzfsnQTp+CqL0=,qkualA2o3G4pyas5EQY0nSsJ47I=
8,22,UYNx0jJQq4JjQthzfsnQTp+CqL0=,+0bKWcbbhiRuspYcuZODMahD0jg=
0,26,UYNx0jJQq4JjQthzfsnQTp+CqL0=,FOWmFo+b/bo9DDwws8PO1GYndlU=
5,18,UYNx0jJQq4JjQthzfsnQTp+CqL0=,qkualA2o3G4pyas5EQY0nSsJ47I=
5,20,UYNx0jJQq4JjQthzfsnQTp+CqL0=,qkualA2o3G4pyas5EQY0nSsJ47I=
1,23,UYNx0jJQq4JjQthzfsnQTp+CqL0=,qkualA2o3G4pyas5EQY0nSsJ47I=
2,20,UYNx0jJQq4JjQthzfsnQTp+CqL0=,qkualA2o3G4pyas5EQY0nSsJ47I=
6,18,UYNx0jJQq4JjQthzfsnQTp+CqL0=,qkualA2o3G4pyas5EQY0nSsJ47I=
3,20,UYNx0jJQq4JjQthzfsnQTp+CqL0=,qkualA2o3G4pyas5EQY0nSsJ47I=
4,20,UYNx0jJQq4JjQthzfsnQTp+CqL0=,qkualA2o3G4pyas5EQY0nSsJ47I=
1,20,UYNx0jJQq4JjQthzfsnQTp+CqL0=,qkualA2o3G4pyas5EQY0nSsJ47I=
7,18,UYNx0jJQq4JjQthzfsnQTp+CqL0=,qkualA2o3G4pyas5EQY0nSsJ47I=
14,31,UYNx0jJQq4JjQthzfsnQTp+CqL0=,Hhi2+n2/Hv2uOSanGKTOfqXcyeY=
7,29,UYNx0jJQq4JjQthzfsnQTp+CqL0=,FOWmFo+b/bo9DDwws8PO1GYndlU=
4,17,UYNx0jJQq4JjQthzfsnQTp+CqL0=,qkualA2o3G4pyas5EQY0nSsJ47I=
5,23,UYNx0jJQq4JjQthzfsnQTp+CqL0=,qkualA2o3G4pyas5EQY0nSsJ47I=
8,23,UYNx0jJQq4JjQthzfsnQTp+CqL0=,+0bKWcbbhiRuspYcuZODMahD0jg=
6,23,UYNx0jJQq4JjQthzfsnQTp+CqL0=,qkualA2o3G4pyas5EQY0nSsJ47I=
7,17,UYNx0jJQq4JjQthzfsnQTp+CqL0=,qkualA2o3G4pyas5EQY0nSsJ47I=
1,26,UYNx0jJQq4JjQthzfsnQTp+CqL0=,FOWmFo+b/bo9DDwws8PO1GYndlU=
3,26,UYNx0jJQq4JjQthzfsnQTp+CqL0=,FOWmFo+b/bo9DDwws8PO1GYndlU=
13,31,UYNx0jJQq4JjQthzfsnQTp+CqL0=,Hhi2+n2/Hv2uOSanGKTOfqXcyeY=
12,31,UYNx0jJQq4JjQthzfsnQTp+CqL0=,Hhi2+n2/Hv2uOSanGKTOfqXcyeY=
11,31,UYNx0jJQq4JjQthzfsnQTp+CqL0=,Hhi2+n2/Hv2uOSanGKTOfqXcyeY=
2,26,UYNx0jJQq4JjQthzfsnQTp+CqL0=,FOWmFo+b/bo9DDwws8PO1GYndlU=
6,29,UYNx0jJQq4JjQthzfsnQTp+CqL0=,FOWmFo+b/bo9DDwws8PO1GYndlU=
1,27,UYNx0jJQq4JjQthzfsnQTp+CqL0=,FOWmFo+b/bo9DDwws8PO1GYndlU=
8,24,UYNx0jJQq4JjQthzfsnQTp+CqL0=,Hhi2+n2/Hv2uOSanGKTOfqXcyeY=
3,27,UYNx0jJQq4JjQthzfsnQTp+CqL0=,FOWmFo+b/bo9DDwws8PO1GYndlU=
3,31,UYNx0jJQq4JjQthzfsnQTp+CqL0=,FOWmFo+b/bo9DDwws8PO1GYndlU=
4,23,UYNx0jJQq4JjQthzfsnQTp+CqL0=,qkualA2o3G4pyas5EQY0nSsJ47I=
2,27,UYNx0jJQq4JjQthzfsnQTp+CqL0=,FOWmFo+b/bo9DDwws8PO1GYndlU=
7,31,UYNx0jJQq4JjQthzfsnQTp+CqL0=,FOWmFo+b/bo9DDwws8PO1GYndlU=
1,28,UYNx0jJQq4JjQthzfsnQTp+CqL0=,FOWmFo+b/bo9DDwws8PO1GYndlU=
5,29,UYNx0jJQq4JjQthzfsnQTp+CqL0=,FOWmFo+b/bo9DDwws8PO1GYndlU=
6,28,UYNx0jJQq4JjQthzfsnQTp+CqL0=,FOWmFo+b/bo9DDwws8PO1GYndlU=
7,28,UYNx0jJQq4JjQthzfsnQTp+CqL0=,FOWmFo+b/bo9DDwws8PO1GYndlU=
9,31,UYNx0jJQq4JjQthzfsnQTp+CqL0=,Hhi2+n2/Hv2uOSanGKTOfqXcyeY=
10,31,UYNx0jJQq4JjQthzfsnQTp+CqL0=,Hhi2+n2/Hv2uOSanGKTOfqXcyeY=
5,28,UYNx0jJQq4JjQthzfsnQTp+CqL0=,FOWmFo+b/bo9DDwws8PO1GYndlU=
2,31,UYNx0jJQq4JjQthzfsnQTp+CqL0=,FOWmFo+b/bo9DDwws8PO1GYndlU=
4,28,UYNx0jJQq4JjQthzfsnQTp+CqL0=,FOWmFo+b/bo9DDwws8PO1GYndlU=
4,29,UYNx0jJQq4JjQthzfsnQTp+CqL0=,FOWmFo+b/bo9DDwws8PO1GYndlU=
2,28,UYNx0jJQq4JjQthzfsnQTp+CqL0=,FOWmFo+b/bo9DDwws8PO1GYndlU=
8,31,UYNx0jJQq4JjQthzfsnQTp+CqL0=,Hhi2+n2/Hv2uOSanGKTOfqXcyeY=
1,25,UYNx0jJQq4JjQthzfsnQTp+CqL0=,FOWmFo+b/bo9DDwws8PO1GYndlU=
3,25,UYNx0jJQq4JjQthzfsnQTp+CqL0=,FOWmFo+b/bo9DDwws8PO1GYndlU=
2,25,UYNx0jJQq4JjQthzfsnQTp+CqL0=,FOWmFo+b/bo9DDwws8PO1GYndlU=
1,31,UYNx0jJQq4JjQthzfsnQTp+CqL0=,FOWmFo+b/bo9DDwws8PO1GYndlU=
3,28,UYNx0jJQq4JjQthzfsnQTp+CqL0=,FOWmFo+b/bo9DDwws8PO1GYndlU=
1,29,UYNx0jJQq4JjQthzfsnQTp+CqL0=,FOWmFo+b/bo9DDwws8PO1GYndlU=
1,24,UYNx0jJQq4JjQthzfsnQTp+CqL0=,FOWmFo+b/bo9DDwws8PO1GYndlU=
3,24,UYNx0jJQq4JjQthzfsnQTp+CqL0=,FOWmFo+b/bo9DDwws8PO1GYndlU=
2,24,UYNx0jJQq4JjQthzfsnQTp+CqL0=,FOWmFo+b/bo9DDwws8PO1GYndlU=
2,30,UYNx0jJQq4JjQthzfsnQTp+CqL0=,FOWmFo+b/bo9DDwws8PO1GYndlU=
0,16,UYNx0jJQq4JjQthzfsnQTp+CqL0=,qkualA2o3G4pyas5EQY0nSsJ47I=
3,19,UYNx0jJQq4JjQthzfsnQTp+CqL0=,qkualA2o3G4pyas5EQY0nSsJ47I=
1,30,UYNx0jJQq4JjQthzfsnQTp+CqL0=,FOWmFo+b/bo9DDwws8PO1GYndlU=
2,18,UYNx0jJQq4JjQthzfsnQTp+CqL0=,qkualA2o3G4pyas5EQY0nSsJ47I=
0,18,UYNx0jJQq4JjQthzfsnQTp+CqL0=,qkualA2o3G4pyas5EQY0nSsJ47I=
3,30,UYNx0jJQq4JjQthzfsnQTp+CqL0=,FOWmFo+b/bo9DDwws8PO1GYndlU=
0,17,UYNx0jJQq4JjQthzfsnQTp+CqL0=,qkualA2o3G4pyas5EQY0nSsJ47I=
3,29,UYNx0jJQq4JjQthzfsnQTp+CqL0=,FOWmFo+b/bo9DDwws8PO1GYndlU=
2,29,UYNx0jJQq4JjQthzfsnQTp+CqL0=,FOWmFo+b/bo9DDwws8PO1GYndlU=
0,19,UYNx0jJQq4JjQthzfsnQTp+CqL0=,qkualA2o3G4pyas5EQY0nSsJ47I=
1,16,UYNx0jJQq4JjQthzfsnQTp+CqL0=,qkualA2o3G4pyas5EQY0nSsJ47I=
1,18,UYNx0jJQq4JjQthzfsnQTp+CqL0=,qkualA2o3G4pyas5EQY0nSsJ47I=
2,19,UYNx0jJQq4JjQthzfsnQTp+CqL0=,qkualA2o3G4pyas5EQY0nSsJ47I=
3,16,UYNx0jJQq4JjQthzfsnQTp+CqL0=,qkualA2o3G4pyas5EQY0nSsJ47I=
1,19,UYNx0jJQq4JjQthzfsnQTp+CqL0=,qkualA2o3G4pyas5EQY0nSsJ47I=
2,16,UYNx0jJQq4JjQthzfsnQTp+CqL0=,qkualA2o3G4pyas5EQY0nSsJ47I=
3,18,UYNx0jJQq4JjQthzfsnQTp+CqL0=,qkualA2o3G4pyas5EQY0nSsJ47I=
2,17,UYNx0jJQq4JjQthzfsnQTp+CqL0=,qkualA2o3G4pyas5EQY0nSsJ47I=
1,17,UYNx0jJQq4JjQthzfsnQTp+CqL0=,qkualA2o3G4pyas5EQY0nSsJ47I=
3,17,UYNx0jJQq4JjQthzfsnQTp+CqL0=,qkualA2o3G4pyas5EQY0nSsJ47I=
